Make,Model,CO2 Emissions(g/km)
ACURA,ILX,196
ACURA,ILX HYBRID,136
ACURA,MDX 4WD,255
ACURA,RDX AWD,244
ACURA,RLX,230
ACURA,TL,232
ACURA,TL AWD,255
ACURA,TSX,212
ALFA ROMEO,4C,193
ASTON MARTIN,DB9,359
ASTON MARTIN,RAPIDE,359
ASTON MARTIN,V8 VANTAGE,338
ASTON MARTIN,V8 VANTAGE S,338
ASTON MARTIN,VANQUISH,359
AUDI,A4,202
AUDI,A4 QUATTRO,230
AUDI,A5 CABRIOLET QUATTRO,230
AUDI,A5 QUATTRO,230
AUDI,A6 QUATTRO,235
AUDI,A6 QUATTRO TDI (modified),217
AUDI,A7 QUATTRO,262
AUDI,A7 QUATTRO TDI (modified),217
AUDI,A8,258
AUDI,A8 TDI (modified),224
AUDI,A8L,258
AUDI,A8L TDI (modified),224
AUDI,ALLROAD QUATTRO,242
AUDI,Q5,239
AUDI,Q5 TDI (modified),244
AUDI,Q5 HYBRID,212
AUDI,Q7,304
AUDI,Q7 TDI (modified),290
AUDI,R8,336
AUDI,R8 SPYDER,336
AUDI,RS 5,306
AUDI,RS 5 CABRIOLET,308
AUDI,RS 7,293
AUDI,S4,262
AUDI,S5,262
AUDI,S5 CABRIOLET,267
AUDI,S6,281
AUDI,S7,281
AUDI,S8,300
AUDI,SQ5,292
AUDI,TT COUPE QUATTRO,209
AUDI,TT ROADSTER QUATTRO,209
AUDI,TTS COUPE QUATTRO,237
AUDI,TTS ROADSTER QUATTRO,237
BENTLEY,CONTINENTAL GT,314
BENTLEY,CONTINENTAL GTC,332
BENTLEY,CONTINENTAL GT SPEED CONVERTIBLE,380
BENTLEY,FLYING SPUR,388
BENTLEY,MULSANNE,437
BMW,320i,193
BMW,320i xDRIVE,202
BMW,328d xDRIVE,181
BMW,328d xDRIVE TOURING,181
BMW,328i,193
BMW,328i xDRIVE,209
BMW,328i xDRIVE GRAN TURISMO,209
BMW,328i xDRIVE TOURING,209
BMW,335i,221
BMW,335i xDRIVE,228
BMW,335i xDRIVE GRAN TURISMO,232
BMW,428i COUPE,193
BMW,428i xDRIVE COUPE,209
BMW,435i COUPE,221
BMW,435i xDRIVE COUPE,228
BMW,528i,202
BMW,528i xDRIVE,209
BMW,535d xDRIVE,213
BMW,535i xDRIVE,232
BMW,535i xDRIVE GRAN TURISMO,246
BMW,550i xDRIVE,281
BMW,550i xDRIVE GRAN TURISMO,292
BMW,640i xDRIVE GRAN COUPE,232
BMW,650i xDRIVE CABRIOLET,292
BMW,650i xDRIVE COUPE,281
BMW,650i xDRIVE GRAN COUPE,292
BMW,740Li xDRIVE,246
BMW,750i xDRIVE,292
BMW,750Li xDRIVE,292
BMW,760Li,356
BMW,ACTIVEHYBRID 3,191
BMW,ACTIVEHYBRID 5,214
BMW,ACTIVEHYBRID 7L,212
BMW,ALPINA B7 xDRIVE LWB,292
BMW,ALPINA B7 xDRIVE SWB,292
BMW,M5,338
BMW,M6,338
BMW,M6 CABRIOLET,338
BMW,M6 GRAN COUPE,338
BMW,X1 xDRIVE28i,209
BMW,X1 xDRIVE35i,260
BMW,X3 xDRIVE28i,230
BMW,X3 xDRIVE35i,253
BMW,X5 xDRIVE35i,255
BMW,X5 xDRIVE50i,320
BMW,X6 M,370
BMW,X6 xDRIVE35i,274
BMW,X6 xDRIVE50i,324
BMW,Z4 sDRIVE28i,209
BMW,Z4 sDRIVE35i,278
BMW,Z4 sDRIVE35is,278
BUICK,ENCLAVE,283
BUICK,ENCLAVE AWD,290
BUICK,ENCORE,196
BUICK,ENCORE AWD,212
BUICK,LACROSSE,264
BUICK,LACROSSE AWD,264
BUICK,LACROSSE eASSIST,189
BUICK,REGAL,228
BUICK,REGAL AWD,246
BUICK,REGAL eASSIST,189
BUICK,VERANO,228
CADILLAC,ATS,221
CADILLAC,ATS AWD,232
CADILLAC,CTS COUPE,258
CADILLAC,CTS COUPE AWD,262
CADILLAC,CTS SEDAN,232
CADILLAC,CTS SEDAN AWD,248
CADILLAC,CTS SEDAN Vsport,294
CADILLAC,CTS SPORT WAGON,253
CADILLAC,CTS SPORT WAGON AWD,255
CADILLAC,CTS-V COUPE,382
CADILLAC,CTS-V SEDAN,382
CADILLAC,CTS-V SPORT WAGON,382
CADILLAC,ESCALADE AWD,338
CADILLAC,ESCALADE ESV AWD,377
CADILLAC,SRX,283
CADILLAC,SRX AWD,294
CADILLAC,XTS,262
CADILLAC,XTS AWD,271
CADILLAC,XTS Vsport AWD,290
CHEVROLET,CAMARO,258
CHEVROLET,CAMARO 2LS,242
CHEVROLET,CAMARO SS,294
CHEVROLET,CAMARO ZL1,382
CHEVROLET,CORVETTE,276
CHEVROLET,CRUZE,179
CHEVROLET,CRUZE DIESEL,192
CHEVROLET,CRUZE ECO,177
CHEVROLET,EQUINOX,209
CHEVROLET,EQUINOX AWD,230
CHEVROLET,EXPRESS 1500 CARGO,347
CHEVROLET,EXPRESS 1500 CARGO AWD,380
CHEVROLET,EXPRESS 1500 CARGO CONV,380
CHEVROLET,EXPRESS 1500 CARGO CONV AWD,380
CHEVROLET,EXPRESS 1500 PASSENGER,380
CHEVROLET,EXPRESS 1500 PASSENGER AWD,380
CHEVROLET,EXPRESS 2500 PASSENGER,414
CHEVROLET,EXPRESS 3500 PASSENGER,419
CHEVROLET,IMPALA,221
CHEVROLET,IMPALA ECO,200
CHEVROLET,MALIBU,228
CHEVROLET,ORLANDO,244
CHEVROLET,SILVERADO,271
CHEVROLET,SILVERADO 4WD,290
CHEVROLET,SONIC,184
CHEVROLET,SONIC RS,191
CHEVROLET,SONIC 5,184
CHEVROLET,SONIC 5 RS,191
CHEVROLET,SPARK,159
CHEVROLET,SUBURBAN,317
CHEVROLET,SUBURBAN 4WD,317
CHEVROLET,TAHOE,317
CHEVROLET,TAHOE 4WD,317
CHEVROLET,TRAVERSE,283
CHEVROLET,TRAVERSE AWD,290
CHEVROLET,TRAX,193
CHEVROLET,TRAX AWD,207
CHRYSLER,300,237
CHRYSLER,200 CONVERTIBLE,232
CHRYSLER,200 CONVERTIBLE FFV,242
CHRYSLER,200 SEDAN,225
CHRYSLER,200 SEDAN FFV,242
CHRYSLER,300 (MDS),294
CHRYSLER,300 AWD,251
CHRYSLER,300 AWD (MDS),308
CHRYSLER,300 AWD FFV,251
CHRYSLER,300 FFV,237
CHRYSLER,300 SRT (MDS),317
CHRYSLER,TOWN & COUNTRY FFV,276
DODGE,AVENGER,225
DODGE,AVENGER FFV,242
DODGE,CHALLENGER,258
DODGE,CHALLENGER (MDS),294
DODGE,CHALLENGER SRT,320
DODGE,CHALLENGER SRT (MDS),317
DODGE,CHARGER,258
DODGE,CHARGER (MDS),294
DODGE,CHARGER AWD,251
DODGE,CHARGER AWD (MDS),308
DODGE,CHARGER AWD FFV,251
DODGE,CHARGER FFV,258
DODGE,CHARGER SRT (MDS),317
DODGE,DART,186
DODGE,DART FFV,198
DODGE,DART GT,212
DODGE,DART TURBO AERO,168
DODGE,DURANGO AWD (MDS),331
DODGE,DURANGO AWD FFV,278
DODGE,GRAND CARAVAN FFV,271
DODGE,JOURNEY,255
DODGE,JOURNEY AWD,285
DODGE,JOURNEY FFV,276
FIAT,500 ABARTH CABRIO,179
FIAT,500 ABARTH HATCHBACK,179
FIAT,500 CABRIO,182
FIAT,500 CABRIO TURBO,179
FIAT,500 HATCHBACK,182
FIAT,500 HATCHBACK TURBO,179
FIAT,500L TURBO,200
FORD,C-MAX HYBRID,138
FORD,E150 VAN FFV,373
FORD,E150 WAGON FFV,386
FORD,E350 WAGON,488
FORD,E350 WAGON FFV,421
FORD,EDGE,225
FORD,EDGE AWD,264
FORD,ESCAPE,209
FORD,ESCAPE AWD,214
FORD,EXPEDITION 4X4 FFV,368
FORD,EXPLORER,235
FORD,EXPLORER AWD,299
FORD,EXPLORER FFV,274
FORD,EXPLORER FFV AWD,288
FORD,F-150,292
FORD,F-150 4X4,317
FORD,F-150 FFV,283
FORD,F-150 FFV 4X4,308
FORD,F-150 RAPTOR 4X4,414
FORD,FIESTA,175
FORD,FIESTA SFE,152
FORD,FIESTA ST,184
FORD,FLEX,264
FORD,FLEX AWD,278
FORD,FLEX AWD (EcoBoost),294
FORD,FOCUS,205
FORD,FOCUS FFV,177
FORD,FOCUS SFE FFV,166
FORD,FUSION,196
FORD,FUSION (Start/Stop),186
FORD,FUSION AWD,216
FORD,FUSION HYBRID,126
FORD,MUSTANG,235
FORD,MUSTANG CONVERTIBLE,244
FORD,TAURUS,209
FORD,TAURUS AWD,271
FORD,TAURUS FFV,237
FORD,TAURUS FFV AWD,258
FORD,TRANSIT CONNECT,218
FORD,TRANSIT CONNECT TAXI,232
FORD,TRANSIT CONNECT WAGON,239
GMC,ACADIA,283
GMC,ACADIA AWD,297
GMC,SAVANA 1500 CARGO,347
GMC,SAVANA 1500 CARGO AWD,380
GMC,SAVANA 1500 CARGO CONV,380
GMC,SAVANA 1500 CARGO CONV AWD,380
GMC,SAVANA 1500 PASSENGER,380
GMC,SAVANA 1500 PASSENGER AWD,380
GMC,SAVANA 2500 PASSENGER,414
GMC,SAVANA 3500 PASSENGER,419
GMC,SIERRA,271
GMC,SIERRA 4WD,290
GMC,TERRAIN,209
GMC,TERRAIN AWD,230
GMC,YUKON,317
GMC,YUKON 4WD,317
GMC,YUKON DENALI AWD,338
GMC,YUKON DENALI XL AWD,377
GMC,YUKON XL,317
GMC,YUKON XL 4WD,317
HONDA,ACCORD,182
HONDA,ACCORD HYBRID,110
HONDA,CIVIC,161
HONDA,CROSSTOUR AWD,246
HONDA,CR-V,209
HONDA,CR-V AWD,216
HONDA,CR-Z,145
HONDA,FIT,172
HONDA,ODYSSEY,244
HONDA,PILOT,265
HONDA,PILOT AWD,276
HONDA,RIDGELINE AWD,308
HYUNDAI,ACCENT,177
HYUNDAI,ELANTRA GT,198
HYUNDAI,EQUUS,304
HYUNDAI,GENESIS,255
HYUNDAI,SANTA FE,258
HYUNDAI,SANTA FE 4WD,267
HYUNDAI,SANTA FE SPORT,237
HYUNDAI,SANTA FE SPORT 4WD,264
HYUNDAI,SONATA,221
HYUNDAI,SONATA HYBRID,143
HYUNDAI,SONATA HYBRID LIMITED,145
HYUNDAI,TUCSON,214
HYUNDAI,TUCSON 4WD,242
HYUNDAI,VELOSTER,177
HYUNDAI,VELOSTER TURBO,202
INFINITI,Q50,235
INFINITI,Q50 AWD,248
INFINITI,Q50 HYBRID,172
INFINITI,Q50 HYBRID AWD,189
INFINITI,Q60 AWD COUPE,265
INFINITI,Q60 CONVERTIBLE,269
INFINITI,Q60 COUPE,255
INFINITI,Q70,253
INFINITI,Q70 AWD,267
INFINITI,Q70 HYBRID,175
INFINITI,QX50 AWD,271
INFINITI,QX60,244
INFINITI,QX60 AWD,253
INFINITI,QX60 HYBRID AWD,196
INFINITI,QX70 AWD,294
INFINITI,QX80 4WD,345
JAGUAR,F-TYPE CONVERTIBLE,237
JAGUAR,F-TYPE S CONVERTIBLE,244
JAGUAR,F-TYPE V8 S CONVERTIBLE,294
JAGUAR,XF,242
JAGUAR,XF 3.0L AWD,281
JAGUAR,XFR,306
JAGUAR,XFR-S,306
JAGUAR,XJ AWD,285
JAGUAR,XJ SUPERCHARGED,306
JAGUAR,XJL AWD PORTFOLIO,285
JAGUAR,XJL SUPERCHARGED,306
JAGUAR,XJR,306
JAGUAR,XJR LWB,306
JAGUAR,XK CONVERTIBLE,301
JAGUAR,XK COUPE,290
JAGUAR,XKR CONVERTIBLE,315
JAGUAR,XKR COUPE,310
JAGUAR,XKR-S CONVERTIBLE,315
JAGUAR,XKR-S COUPE,310
JEEP,CHEROKEE,218
JEEP,CHEROKEE 4X4,230
JEEP,CHEROKEE 4X4 ACTIVE DRIVE II,232
JEEP,CHEROKEE TRAILHAWK 4X4,251
JEEP,COMPASS,228
JEEP,COMPASS 4X4,235
JEEP,COMPASS 4X4 TRAIL RATED,255
JEEP,GRAND CHEROKEE 4X4 (MDS),340
JEEP,GRAND CHEROKEE 4X4 DIESEL,267
JEEP,GRAND CHEROKEE 4X4 FFV,278
JEEP,GRAND CHEROKEE SRT 4X4 (MDS),363
JEEP,PATRIOT,228
JEEP,PATRIOT 4X4,235
JEEP,PATRIOT 4X4 TRAIL RATED,255
JEEP,WRANGLER 4X4 (2-DOOR),294
JEEP,WRANGLER UNLIMITED 4X4 (4-DOOR),308
KIA,CADENZA,251
KIA,FORTE,191
KIA,FORTE 5,223
KIA,FORTE KOUP,216
KIA,OPTIMA,228
KIA,OPTIMA HYBRID,143
KIA,OPTIMA HYBRID EX,147
KIA,RIO,175
KIA,RIO ECO,175
KIA,RONDO,212
KIA,SEDONA,276
KIA,SORENTO,237
KIA,SORENTO 4WD,253
KIA,SOUL,205
KIA,SOUL ECO Dynamics,202
KIA,SPORTAGE,230
KIA,SPORTAGE AWD,262
LAMBORGHINI,AVENTADOR COUPE,421
LAMBORGHINI,GALLARDO COUPE,361
LAND ROVER,LR2,274
LAND ROVER,LR4,334
LAND ROVER,RANGE ROVER EVOQUE,225
LAND ROVER,RANGE ROVER EVOQUE COUPE,225
LAND ROVER,RANGE ROVER LWB V8 5.0 SC,354
LAND ROVER,RANGE ROVER LWB V8 5.0 SC FFV,347
LAND ROVER,RANGE ROVER SPORT V6 3.0 SC,285
LAND ROVER,RANGE ROVER SPORT V6 3.0 SC FFV,285
LAND ROVER,RANGE ROVER SPORT V8 5.0 SC,345
LAND ROVER,RANGE ROVER SPORT V8 5.0 SC FFV,338
LAND ROVER,RANGE ROVER V6 3.0 SC,283
LAND ROVER,RANGE ROVER V6 3.0 SC FFV,283
LAND ROVER,RANGE ROVER V8 5.0 SC,354
LAND ROVER,RANGE ROVER V8 5.0 SC FFV,347
LEXUS,CT 200h,129
LEXUS,ES 300h,138
LEXUS,ES 350,221
LEXUS,GS 350,239
LEXUS,GS 350 AWD,253
LEXUS,GS 450h,175
LEXUS,GX 460,320
LEXUS,IS 250,223
LEXUS,IS 250 AWD,239
LEXUS,IS 250 C,223
LEXUS,IS 350,244
LEXUS,IS 350 AWD,253
LEXUS,IS 350 C,244
LEXUS,IS F,290
LEXUS,LS 460,283
LEXUS,LS 460 AWD,297
LEXUS,LS 460 L AWD,297
LEXUS,LS 600h L,262
LEXUS,LX 570,380
LEXUS,RX 350 AWD,269
LEXUS,RX 450h AWD,189
LINCOLN,MKS AWD,271
LINCOLN,MKT AWD,294
LINCOLN,MKT LIVERY,235
LINCOLN,MKT LIVERY AWD,281
LINCOLN,MKX AWD,281
LINCOLN,MKZ,207
LINCOLN,MKZ AWD,262
LINCOLN,MKZ HYBRID,145
LINCOLN,NAVIGATOR 4X4 FFV,368
MASERATI,GHIBLI,292
MASERATI,GHIBLI AWD,292
MASERATI,GRANTURISMO,347
MASERATI,GRANTURISMO CONVERTIBLE,352
MASERATI,QUATTROPORTE GTS,334
MASERATI,QUATTROPORTE SQ4,301
MAZDA,CX-5,189
MAZDA,CX-5 4WD,196
MAZDA,CX-9,283
MAZDA,CX-9 4WD,290
MAZDA,MAZDA2,177
MAZDA,MAZDA3 4-DOOR,159
MAZDA,MAZDA3 4-DOOR (i-ELOOP),168
MAZDA,MAZDA3 4-DOOR (SIL),161
MAZDA,MAZDA3 5-DOOR,163
MAZDA,MAZDA3 5-DOOR (i-ELOOP),168
MAZDA,MAZDA3 5-DOOR (SIL),166
MAZDA,MAZDA5,223
MAZDA,MAZDA6,175
MAZDA,MAZDA6 (i-ELOOP),168
MAZDA,MX-5,235
MERCEDES-BENZ,B 250,184
MERCEDES-BENZ,C 250,216
MERCEDES-BENZ,C 250 COUPE,216
MERCEDES-BENZ,C 300 4MATIC FFV,242
MERCEDES-BENZ,C 350,242
MERCEDES-BENZ,C 350 4MATIC,239
MERCEDES-BENZ,C 350 4MATIC COUPE,244
MERCEDES-BENZ,C 350 COUPE,242
MERCEDES-BENZ,C 63 AMG,347
MERCEDES-BENZ,C 63 AMG COUPE,352
MERCEDES-BENZ,CL 550 4MATIC,304
MERCEDES-BENZ,CL 63 AMG,308
MERCEDES-BENZ,CLA 250,179
MERCEDES-BENZ,CLA 45 AMG 4MATIC,212
MERCEDES-BENZ,CLS 550 4MATIC,264
MERCEDES-BENZ,CLS 63 AMG 4MATIC,301
MERCEDES-BENZ,CLS 63 AMG S 4MATIC,301
MERCEDES-BENZ,E 250 BLUETEC 4MATIC,194
MERCEDES-BENZ,E 300 4MATIC,235
MERCEDES-BENZ,E 350 4MATIC,230
MERCEDES-BENZ,E 350 4MATIC COUPE,239
MERCEDES-BENZ,E 350 4MATIC WAGON,242
MERCEDES-BENZ,E 350 CABRIOLET,239
MERCEDES-BENZ,E 350 COUPE,235
MERCEDES-BENZ,E 400 HYBRID,202
MERCEDES-BENZ,E 550 4MATIC,267
MERCEDES-BENZ,E 550 CABRIOLET,269
MERCEDES-BENZ,E 550 COUPE,262
MERCEDES-BENZ,E 63 AMG 4MATIC,297
MERCEDES-BENZ,E 63 AMG 4MATIC WAGON,310
MERCEDES-BENZ,E 63 AMG S 4MATIC,297
MERCEDES-BENZ,E 63 AMG S 4MATIC WAGON,310
MERCEDES-BENZ,G 550,419
MERCEDES-BENZ,G 63 AMG,407
MERCEDES-BENZ,GL 350 BLUETEC 4MATIC,324
MERCEDES-BENZ,GL 450 4MATIC,350
MERCEDES-BENZ,GL 550 4MATIC,359
MERCEDES-BENZ,GL 63 AMG,363
MERCEDES-BENZ,GLK 250 BLUETEC 4MATIC,230
MERCEDES-BENZ,GLK 350 4MATIC,260
MERCEDES-BENZ,ML 350 4MATIC FFV,278
MERCEDES-BENZ,ML 350 BLUETEC 4MATIC,278
MERCEDES-BENZ,ML 550 4MATIC,327
MERCEDES-BENZ,ML 63 AMG 4MATIC,356
MERCEDES-BENZ,S 550 4MATIC LWB,278
MERCEDES-BENZ,S 550 4MATIC SWB,276
MERCEDES-BENZ,S 63 AMG 4MATIC,304
MERCEDES-BENZ,SL 550,269
MERCEDES-BENZ,SL 63 AMG,292
MERCEDES-BENZ,SL 65 AMG,327
MERCEDES-BENZ,SLK 250,205
MERCEDES-BENZ,SLK 350,225
MERCEDES-BENZ,SLK 55 AMG,246
MERCEDES-BENZ,SLS AMG BLACK SERIES COUPE,380
MERCEDES-BENZ,SLS AMG GT COUPE,361
MERCEDES-BENZ,SLS AMG ROADSTER,361
MINI,COOPER CLUBMAN,179
MINI,COOPER CONVERTIBLE,179
MINI,COOPER COUNTRYMAN,200
MINI,COOPER COUPE,175
MINI,COOPER PACEMAN,200
MINI,COOPER ROADSTER,179
MINI,COOPER S CLUBMAN,191
MINI,COOPER S CONVERTIBLE,191
MINI,COOPER S COUNTRYMAN ALL4,207
MINI,COOPER S COUPE,191
MINI,COOPER S PACEMAN ALL4,207
MINI,COOPER S ROADSTER,191
MINI,JOHN COOPER WORKS CLUBMAN,191
MINI,JOHN COOPER WORKS CONVERTIBLE,191
MINI,JOHN COOPER WORKS COUNTRYMAN ALL4,207
MINI,JOHN COOPER WORKS COUPE,191
MINI,JOHN COOPER WORKS PACEMAN ALL4,207
MINI,JOHN COOPER WORKS ROADSTER,191
MITSUBISHI,LANCER,189
MITSUBISHI,LANCER AWD,218
MITSUBISHI,LANCER EVOLUTION,288
MITSUBISHI,LANCER RALLIART,267
MITSUBISHI,LANCER SPORTBACK,198
MITSUBISHI,MIRAGE,138
MITSUBISHI,OUTLANDER,198
MITSUBISHI,OUTLANDER 4WD,209
MITSUBISHI,RVR,200
MITSUBISHI,RVR 4WD,207
NISSAN,370Z,253
NISSAN,370Z ROADSTER,262
NISSAN,ALTIMA,175
NISSAN,ARMADA 4WD,380
NISSAN,FRONTIER,283
NISSAN,FRONTIER 4WD,315
NISSAN,GT-R,297
NISSAN,JUKE,186
NISSAN,JUKE AWD,200
NISSAN,MAXIMA,251
NISSAN,MURANO AWD,271
NISSAN,NV200 CARGO VAN,214
NISSAN,PATHFINDER,244
NISSAN,PATHFINDER 4WD,253
NISSAN,PATHFINDER HYBRID 4WD,202
NISSAN,QUEST,255
NISSAN,ROGUE,191
NISSAN,ROGUE AWD,198
NISSAN,SENTRA,161
NISSAN,TITAN,359
NISSAN,TITAN 4WD,398
NISSAN,VERSA,152
NISSAN,XTERRA 4WD,327
PORSCHE,911 CARRERA,232
PORSCHE,911 CARRERA 4,237
PORSCHE,911 CARRERA 4 CABRIOLET,242
PORSCHE,911 CARRERA 4S,248
PORSCHE,911 CARRERA 4S CABRIOLET,253
PORSCHE,911 CARRERA CABRIOLET,232
PORSCHE,911 CARRERA S,244
PORSCHE,911 CARRERA S CABRIOLET,246
PORSCHE,911 GT3,322
PORSCHE,911 TURBO,274
PORSCHE,911 TURBO CABRIOLET,274
PORSCHE,911 TURBO S,274
PORSCHE,911 TURBO S CABRIOLET,274
PORSCHE,BOXSTER,212
PORSCHE,BOXSTER S,225
PORSCHE,CAYENNE,290
PORSCHE,CAYENNE DIESEL (modified),277
PORSCHE,CAYENNE GTS,338
PORSCHE,CAYENNE S,310
PORSCHE,CAYENNE S HYBRID,251
PORSCHE,CAYENNE TURBO,326
PORSCHE,CAYENNE TURBO S,358
PORSCHE,CAYMAN,212
PORSCHE,CAYMAN S,225
PORSCHE,PANAMERA,251
PORSCHE,PANAMERA 4,255
PORSCHE,PANAMERA 4S,260
PORSCHE,PANAMERA 4S EXECUTIVE,264
PORSCHE,PANAMERA GTS,292
PORSCHE,PANAMERA S,260
PORSCHE,PANAMERA TURBO,294
PORSCHE,PANAMERA TURBO EXECUTIVE,297
RAM,1500 (MDS),340
RAM,1500 4X4 (MDS),354
RAM,1500 4X4 DIESEL,286
RAM,1500 4X4 FFV,290
RAM,1500 DIESEL,275
RAM,1500 FFV,274
RAM,1500 HFE,260
RAM,CARGO VAN FFV,262
ROLLS-ROYCE,GHOST,368
ROLLS-ROYCE,GHOST EWB,368
ROLLS-ROYCE,PHANTOM,393
ROLLS-ROYCE,PHANTOM COUPE,393
ROLLS-ROYCE,PHANTOM DROPHEAD COUPE,393
ROLLS-ROYCE,PHANTOM EWB,393
ROLLS-ROYCE,WRAITH,359
SCION,FR-S,193
SCION,iQ,143
SCION,tC,207
SCION,xB,228
SCION,xD,184
SMART,FORTWO CABRIOLET,147
SMART,FORTWO COUPE,147
SRT,VIPER COUPE,389
SRT,VIPER GTS COUPE,389
SUBARU,BRZ,196
SUBARU,FORESTER AWD,218
SUBARU,IMPREZA AWD,179
SUBARU,IMPREZA WAGON AWD,179
SUBARU,LEGACY AWD,198
SUBARU,OUTBACK AWD,207
SUBARU,TRIBECA AWD,301
SUBARU,XV CROSSTREK AWD,196
SUBARU,XV CROSSTREK HYBRID AWD,177
TOYOTA,4RUNNER (Part-Time 4WD),297
TOYOTA,4RUNNER 4WD,297
TOYOTA,AVALON,221
TOYOTA,CAMRY,189
TOYOTA,CAMRY HYBRID LE,131
TOYOTA,CAMRY HYBRID XLE/SE,138
TOYOTA,COROLLA,177
TOYOTA,COROLLA LE ECO (1-mode),156
TOYOTA,COROLLA LE ECO (2-mode),159
TOYOTA,COROLLA MATRIX,196
TOYOTA,FJ CRUISER 4WD,297
TOYOTA,HIGHLANDER,237
TOYOTA,HIGHLANDER AWD,264
TOYOTA,HIGHLANDER HYBRID AWD,191
TOYOTA,HIGHLANDER HYBRID AWD LE,189
TOYOTA,PRIUS,110
TOYOTA,PRIUS c,108
TOYOTA,PRIUS v,126
TOYOTA,RAV4,205
TOYOTA,RAV4 AWD,216
TOYOTA,RAV4 LIMITED AWD,218
TOYOTA,SEQUOIA 4WD,384
TOYOTA,SIENNA,260
TOYOTA,SIENNA AWD,285
TOYOTA,TACOMA,251
TOYOTA,TACOMA 4WD,274
TOYOTA,TUNDRA,310
TOYOTA,TUNDRA 4WD,347
TOYOTA,VENZA,230
TOYOTA,VENZA 4WD,235
TOYOTA,YARIS,168
VOLKSWAGEN,BEETLE,196
VOLKSWAGEN,BEETLE TDI (modified),200
VOLKSWAGEN,BEETLE CONVERTIBLE,200
VOLKSWAGEN,CC,223
VOLKSWAGEN,CC 4MOTION,283
VOLKSWAGEN,EOS,221
VOLKSWAGEN,GOLF WAGON,218
VOLKSWAGEN,GOLF WAGON TDI (modified),198
VOLKSWAGEN,JETTA,189
VOLKSWAGEN,JETTA TDI (modified),198
VOLKSWAGEN,JETTA GLI,207
VOLKSWAGEN,JETTA TURBO HYBRID,124
VOLKSWAGEN,PASSAT,198
VOLKSWAGEN,PASSAT TDI (modified),180
VOLKSWAGEN,ROUTAN,278
VOLKSWAGEN,TIGUAN,246
VOLKSWAGEN,TIGUAN 4MOTION,246
VOLKSWAGEN,TOUAREG,296
VOLKSWAGEN,TOUAREG TDI (modified),277
VOLVO,S60,223
VOLVO,S60 AWD,232
VOLVO,S80,235
VOLVO,S80 AWD,264
VOLVO,XC60,258
VOLVO,XC60 AWD,271
VOLVO,XC70 AWD,271
VOLVO,XC90 AWD,294
ACURA,MDX SH-AWD,255
ACURA,RLX HYBRID,177
ACURA,TLX,191
ACURA,TLX SH-AWD,221
ASTON MARTIN,RAPIDE S,327
ASTON MARTIN,V12 VANTAGE S,379
ASTON MARTIN,VANTAGE GT,338
AUDI,A3,200
AUDI,A3 TDI (modified),177
AUDI,A3 QUATTRO,198
AUDI,A3 CABRIOLET QUATTRO,205
AUDI,A4 ALLROAD QUATTRO,228
AUDI,Q3,237
AUDI,Q3 QUATTRO,237
AUDI,S3,207
BENTLEY,CONTINENTAL GT CONVERTIBLE,337
BENTLEY,CONTINENTAL GT3-R,327
BMW,228i CABRIOLET,205
BMW,228i COUPE,193
BMW,228i xDRIVE CABRIOLET,209
BMW,228i xDRIVE COUPE,200
BMW,320i SEDAN,193
BMW,320i xDRIVE SEDAN,200
BMW,328d xDRIVE SEDAN,181
BMW,328i SEDAN,193
BMW,328i xDRIVE SEDAN,209
BMW,335i SEDAN,221
BMW,335i xDRIVE SEDAN,230
BMW,428i CABRIOLET,205
BMW,428i GRAN COUPE,205
BMW,428i xDRIVE CABRIOLET,221
BMW,428i xDRIVE GRAN COUPE,209
BMW,435i CABRIOLET,228
BMW,435i GRAN COUPE,221
BMW,435i xDRIVE CABRIOLET,237
BMW,435i xDRIVE GRAN COUPE,230
BMW,528i SEDAN,205
BMW,528i xDRIVE SEDAN,209
BMW,535d xDRIVE SEDAN,213
BMW,535i xDRIVE SEDAN,237
BMW,550i xDRIVE SEDAN,283
BMW,640i xDRIVE CABRIOLET,237
BMW,740Ld xDRIVE SEDAN,238
BMW,740Li xDRIVE SEDAN,237
BMW,750i xDRIVE SEDAN,294
BMW,750Li xDRIVE SEDAN,294
BMW,760Li SEDAN,356
BMW,ALPINA B6 xDRIVE GRAN COUPE,294
BMW,M235i CABRIOLET,235
BMW,M235i COUPE,235
BMW,M235i xDRIVE COUPE,230
BMW,M3 SEDAN,278
BMW,M4 CABRIOLET,278
BMW,M4 COUPE,278
BMW,M5 SEDAN,338
BMW,M6 COUPE,338
BMW,X3 xDRIVE28d,213
BMW,X4 xDRIVE28i,235
BMW,X4 xDRIVE35i,251
BMW,X5 M,336
BMW,X5 xDRIVE35d,235
CADILLAC,CTS,228
CADILLAC,CTS AWD,244
CADILLAC,CTS Vsport,292
CADILLAC,ESCALADE 4WD,322
CADILLAC,ESCALADE ESV 4WD,334
CHEVROLET,CAMARO Z/28,357
CHEVROLET,CITY EXPRESS,216
CHEVROLET,COLORADO,242
CHEVROLET,COLORADO 4WD,260
CHEVROLET,CORVETTE Z06,329
CHEVROLET,EQUINOX FFV,209
CHEVROLET,EQUINOX AWD FFV,230
CHEVROLET,EXPRESS 2500 PASSENGER FFV,432
CHEVROLET,EXPRESS 3500 PASSENGER FFV,437
CHRYSLER,200,196
CHRYSLER,200 FFV,196
CHRYSLER,200 AWD,246
CHRYSLER,200 AWD FFV,246
DODGE,CHALLENGER SRT HELLCAT,338
DODGE,CHARGER SRT 392 HEMI,297
DODGE,CHARGER SRT HELLCAT,338
DODGE,VIPER SRT COUPE,363
FIAT,500L,216
FORD,EDGE (Start/Stop),225
FORD,EDGE SPORT AWD,274
FORD,EXPEDITION 4X4,327
FORD,EXPEDITION MAX 4X4,331
FORD,EXPLORER AWD (EcoBoost),299
FORD,T-150 WAGON,338
FORD,T-150 WAGON FFV,340
FORD,TRANSIT CONNECT VAN,216
FORD,TRANSIT CONNECT WAGON TAXI,239
GMC,CANYON,242
GMC,CANYON 4WD,260
GMC,SAVANA 2500 PASSENGER FFV,432
GMC,SAVANA 3500 PASSENGER FFV,437
GMC,TERRAIN FFV,209
GMC,YUKON DENALI 4WD,322
GMC,YUKON XL DENALI 4WD,334
HONDA,CIVIC Si,216
HONDA,CIVIC HYBRID,120
HONDA,PILOT 4WD,276
HYUNDAI,ELANTRA,172
HYUNDAI,ELANTRA COUPE,191
HYUNDAI,GENESIS AWD,278
HYUNDAI,GENESIS COUPE,283
HYUNDAI,SANTA FE AWD,264
HYUNDAI,SANTA FE SPORT AWD,264
HYUNDAI,SANTA FE ULTIMATE AWD,287
HYUNDAI,SONATA SPORT/LIMITED,193
HYUNDAI,TUCSON AWD,239
INFINITI,Q60,246
INFINITI,Q60 AWD,264
JAGUAR,F-TYPE COUPE,237
JAGUAR,F-TYPE S COUPE,244
JAGUAR,F-TYPE V8 R COUPE,294
JAGUAR,XF AWD,267
JEEP,CHEROKEE FFV,218
JEEP,CHEROKEE 4X4 FFV,230
JEEP,RENEGADE,202
JEEP,RENEGADE FFV,216
JEEP,RENEGADE 4X4,202
JEEP,WRANGLER 4X4,294
JEEP,WRANGLER UNLIMITED 4X4,308
KIA,K900,260
KIA,SEDONA SX,262
KIA,SEDONA SXL,288
KIA,SORENTO AWD,251
LAMBORGHINI,AVENTADOR ROADSTER,453
LAMBORGHINI,HURACAN,334
LAMBORGHINI,VENENO ROADSTER,423
LAND ROVER,RANGE ROVER,283
LAND ROVER,RANGE ROVER SUPERCHARGED,347
LAND ROVER,RANGE ROVER SUPERCHARGED LWB,347
LAND ROVER,RANGE ROVER SPORT,285
LAND ROVER,RANGE ROVER SPORT SUPERCHARGED,338
LEXUS,NX 200t AWD,221
LEXUS,NX 200t AWD F SPORT,228
LEXUS,NX 300h AWD,170
LEXUS,RC 350,244
LEXUS,RC 350 AWD,253
LEXUS,RC F,290
LINCOLN,MKC AWD,251
LINCOLN,NAVIGATOR 4X4,327
LINCOLN,NAVIGATOR L 4X4,331
MERCEDES-BENZ,B 250 4MATIC,205
MERCEDES-BENZ,C 300 4MATIC,207
MERCEDES-BENZ,C 400 4MATIC,228
MERCEDES-BENZ,CLA 250 4MATIC,202
MERCEDES-BENZ,CLA 45 AMG,209
MERCEDES-BENZ,CLS 400 4MATIC,242
MERCEDES-BENZ,E 400 4MATIC,239
MERCEDES-BENZ,E 400 4MATIC WAGON,248
MERCEDES-BENZ,E 400 CABRIOLET,230
MERCEDES-BENZ,E 400 COUPE,235
MERCEDES-BENZ,GLA 250 4MATIC,200
MERCEDES-BENZ,GLA 45 AMG 4MATIC,216
MERCEDES-BENZ,ML 400 4MATIC,276
MERCEDES-BENZ,S 400 4MATIC,248
MERCEDES-BENZ,S 550 4MATIC COUPE,283
MERCEDES-BENZ,S 600,343
MERCEDES-BENZ,S 63 AMG COUPE,304
MERCEDES-BENZ,S 65 AMG,357
MERCEDES-BENZ,S 65 AMG COUPE,345
MERCEDES-BENZ,SLS AMG GT ROADSTER,359
MINI,COOPER 3 DOOR,172
MINI,COOPER 5 DOOR,172
MINI,COOPER S 3 DOOR,189
MINI,COOPER S 5 DOOR,189
MINI,JOHN COOPER WORKS,193
NISSAN,370Z COUPE,255
NISSAN,JUKE NISMO RS,191
NISSAN,JUKE NISMO RS AWD,202
NISSAN,MICRA,179
NISSAN,MURANO,225
NISSAN,PATHFINDER 4WD PLATINUM,253
PORSCHE,911 CARRERA 4 GTS,255
PORSCHE,911 CARRERA 4 GTS CABRIOLET,262
PORSCHE,911 CARRERA GTS,253
PORSCHE,911 CARRERA GTS CABRIOLET,255
PORSCHE,911 TARGA 4,248
PORSCHE,911 TARGA 4S,258
PORSCHE,BOXSTER GTS,218
PORSCHE,CAYMAN GTS,218
PORSCHE,MACAN S,281
PORSCHE,MACAN TURBO,283
PORSCHE,PANAMERA TURBO S,294
PORSCHE,PANAMERA TURBO S EXECUTIVE,297
RAM,1500,274
RAM,1500 ECODIESEL,273
RAM,1500 ECODIESEL HFE,265
RAM,1500 4X4,290
RAM,1500 4X4 ECODIESEL,286
RAM,PROMASTER CITY,225
SUBARU,WRX,255
TOYOTA,4RUNNER 4WD (Part-Time 4WD),294
TOYOTA,RAV4 LE/XLE,205
VOLKSWAGEN,GOLF,186
VOLKSWAGEN,GOLF TDI (modified),177
VOLKSWAGEN,GOLF GTI,196
VOLKSWAGEN,GOLF SPORTWAGON,193
VOLKSWAGEN,GOLF SPORTWAGON TDI (modified),180
VOLKSWAGEN,JETTA HYBRID,122
VOLVO,S60 POLESTAR AWD,253
VOLVO,S60 T5 ,193
VOLVO,S60 T5 AWD,232
VOLVO,S60 T6   ,205
VOLVO,S60 T6 AWD,258
VOLVO,S80 T5,193
VOLVO,S80 T6 AWD,258
VOLVO,V60 CC,202
VOLVO,V60 CC AWD,237
VOLVO,V60 POLESTAR AWD,253
VOLVO,V60 T5,193
VOLVO,V60 T5 AWD,232
VOLVO,V60 T6 AWD,258
VOLVO,XC60 3.2 AWD,264
VOLVO,XC60 T5,202
VOLVO,XC60 T5 AWD,262
VOLVO,XC60 T6  ,216
VOLVO,XC60 T6 AWD,274
VOLVO,XC70 3.2 AWD,260
VOLVO,XC70 T5,202
VOLVO,XC70 T6 AWD,274
ACURA,MDX SH-AWD ELITE,251
ASTON MARTIN,DB9 GT,365
AUDI,A8 QUATTRO,247
AUDI,A8 QUATTRO TDI (modified),224
AUDI,A8L QUATTRO,255
AUDI,Q5 QUATTRO,244
AUDI,Q5 QUATTRO TDI (modified),244
AUDI,Q5 HYBRID QUATTRO,209
AUDI,RS 7 QUATTRO,313
AUDI,S3 QUATTRO,211
AUDI,S4 QUATTRO,257
AUDI,S5 QUATTRO,257
AUDI,S5 CABRIOLET QUATTRO,266
AUDI,S6 QUATTRO,263
AUDI,S7 QUATTRO,265
AUDI,S8 QUATTRO,300
AUDI,SQ5 QUATTRO,285
BMW,228i,197
BMW,228i xDRIVE,207
BMW,340i,217
BMW,340i xDRIVE,216
BMW,M2,244
BMW,M235i,232
BMW,M235i xDRIVE,238
BMW,M235i xDRIVE CABRIOLET,238
BMW,M3,284
BMW,X4 M40i,264
BUICK,ENCORE SPORT TOURING,182
BUICK,ENCORE SPORT TOURING AWD,192
BUICK,ENVISION AWD,248
BUICK,LACROSSE FFV,268
BUICK,LACROSSE AWD FFV,274
CADILLAC,ATS-V,293
CADILLAC,CT6,222
CADILLAC,CT6 AWD,263
CADILLAC,CTS-V,332
CHEVROLET,CRUZE PREMIER,160
CHEVROLET,CRUZE LIMITED,184
CHEVROLET,CRUZE LIMITED ECO,181
CHEVROLET,IMPALA FFV,248
CHEVROLET,IMPALA DUAL FUEL,272
CHEVROLET,MALIBU LIMITED,202
CHEVROLET,MALIBU HYBRID,122
CHEVROLET,SILVERADO FFV,280
CHEVROLET,SILVERADO 4WD FFV,296
CHEVROLET,SILVERADO eASSIST 4WD,304
CHEVROLET,SUBURBAN FFV,304
CHEVROLET,SUBURBAN 4WD FFV,312
CHEVROLET,TAHOE FFV,304
CHEVROLET,TAHOE 4WD FFV,310
CHEVROLET,TRAX 4WD,205
DODGE,DURANGO AWD,265
DODGE,VIPER SRT,364
FIAT,500X,194
FIAT,500X AWD,224
FORD,EXPEDITION EL 4X4,338
FORD,F-150 (Payload Pkg),263
FORD,F-150 FFV (Payload Pkg),341
FORD,F-150 4X4 (Payload Pkg),288
FORD,F-150 FFV 4X4 (Payload Pkg),347
FORD,FLEX AWD GTDI,322
FORD,FOCUS RS AWD,255
FORD,FOCUS ST,217
FORD,SHELBY GT350 MUSTANG,334
FORD,TRANSIT CONNECT VAN FFV,243
FORD,TRANSIT CONNECT WAGON FFV,252
FORD,TRANSIT CONNECT WAGON LWB,252
FORD,TRANSIT CONNECT WAGON LWB FFV,252
GMC,SIERRA FFV,280
GMC,SIERRA 4WD FFV,296
GMC,SIERRA eASSIST 4WD,304
GMC,YUKON FFV,304
GMC,YUKON 4WD FFV,310
GMC,YUKON XL FFV,304
GMC,YUKON XL 4WD FFV,312
HONDA,ACCORD COUPE,223
HONDA,ACCORD SEDAN,177
HONDA,ACCORD SPORT,187
HONDA,CIVIC COUPE,155
HONDA,CIVIC SEDAN,157
HONDA,HR-V,177
HONDA,HR-V AWD,190
INFINITI,Q50S AWD,262
INFINITI,Q50S RED SPORT,247
INFINITI,Q50S RED SPORT AWD,256
JAGUAR,F-TYPE PROJECT 7 CONVERTIBLE,302
JAGUAR,F-TYPE R AWD CONVERTIBLE,311
JAGUAR,F-TYPE R AWD COUPE,311
JAGUAR,F-TYPE S CONVERTIBLE AWD,264
JAGUAR,F-TYPE S COUPE AWD,264
JAGUAR,XF AWD ,241
JAGUAR,XJ R-SPORT 3.0 AWD,275
JAGUAR,XJL 3.0 AWD PORTFOLIO,279
JEEP,GRAND CHEROKEE 4X4,265
LAMBORGHINI,HURACAN SPYDER,340
LAND ROVER,DISCOVERY SPORT,248
LAND ROVER,RANGE ROVER TD6 DIESEL,254
LAND ROVER,RANGE ROVER SPORT TD6 DIESEL,254
LEXUS,GS 200t,212
LEXUS,GS 200t F SPORT,227
LEXUS,GS 350 F SPORT,251
LEXUS,GS F,293
LEXUS,IS 200t,212
LEXUS,IS 300 AWD,258
LEXUS,RC 200t,214
LEXUS,RC 300 AWD,258
MASERATI,GHIBLI S,293
MASERATI,GHIBLI SQ4,295
MASERATI,QUATTROPORTE S,300
MAZDA,CX-3,179
MAZDA,CX-3 4WD,189
MAZDA,CX-5 (SIL),188
MAZDA,MAZDA6 (SIL),188
MAZDA,MX-5 (SIL),183
MERCEDES-BENZ,AMG C 63,268
MERCEDES-BENZ,AMG C 63 S,268
MERCEDES-BENZ,AMG CLA 45,214
MERCEDES-BENZ,AMG CLS 63 S 4MATIC,308
MERCEDES-BENZ,AMG E 63 S 4MATIC,310
MERCEDES-BENZ,AMG E 63 S 4MATIC WAGON,310
MERCEDES-BENZ,AMG G 63,417
MERCEDES-BENZ,AMG G 65,476
MERCEDES-BENZ,AMG GL 63 S,369
MERCEDES-BENZ,AMG GLA 45,216
MERCEDES-BENZ,AMG GLE 63 S 4MATIC,366
MERCEDES-BENZ,AMG GLE 63 S COUPE 4MATIC,363
MERCEDES-BENZ,AMG GT S,303
MERCEDES-BENZ,AMG S 63,313
MERCEDES-BENZ,AMG S 63 COUPE,313
MERCEDES-BENZ,AMG S 65,361
MERCEDES-BENZ,AMG S 65 COUPE,355
MERCEDES-BENZ,AMG SL 63,298
MERCEDES-BENZ,AMG SL 65,335
MERCEDES-BENZ,AMG SLK 55,252
MERCEDES-BENZ,C 450 AMG SPORT 4MATIC,231
MERCEDES-BENZ,CLA 250 4MATIC FFV,198
MERCEDES-BENZ,E 400 4MATIC COUPE,239
MERCEDES-BENZ,GLE 350d 4MATIC,246
MERCEDES-BENZ,GLE 350d 4MATIC COUPE,253
MERCEDES-BENZ,GLE 400 4MATIC,282
MERCEDES-BENZ,GLE 450 AMG SPORT 4MATIC COUPE,281
MERCEDES-BENZ,GLE 550 4MATIC,335
MERCEDES-BENZ,MAYBACH S 600,359
MERCEDES-BENZ,METRIS CARGO,233
MERCEDES-BENZ,METRIS PASSENGER,248
MERCEDES-BENZ,S 400 4MATIC SWB,253
MERCEDES-BENZ,SLK 300,199
MITSUBISHI,LANCER 4WD,210
NISSAN,ALTIMA 3.5,212
NISSAN,ALTIMA SR,181
PORSCHE,911 GT3RS,334
PORSCHE,BOXSTER SPYDER,272
PORSCHE,CAYMAN GT4,277
SCION,iM,173
TOYOTA,RAV4 HYBRID AWD,169
TOYOTA,RAV4 LIMITED/SE AWD,220
TOYOTA,TACOMA 4WD D-CAB OFF-ROAD,300
TOYOTA,YARIS (SIL),157
TOYOTA,YARIS HATCHBACK,170
VOLKSWAGEN,BEETLE DUNE,203
VOLKSWAGEN,GOLF R,216
VOLVO,S60 CC T5 AWD,239
VOLVO,S60 INSCRIPTION,193
VOLVO,S60 INSCRIPTION T5 AWD,233
VOLVO,S60 T5,193
VOLVO,S60 T6,218
VOLVO,S60 3.0T AWD,259
VOLVO,S60 POLESTAR,259
VOLVO,V60 CC T5 AWD,239
VOLVO,V60 3.0T AWD,259
VOLVO,V60 POLESTAR,259
VOLVO,XC60 T6,226
VOLVO,XC60 3.0T AWD,276
VOLVO,XC70 T5 AWD,254
VOLVO,XC90 T5,232
VOLVO,XC90 T5 AWD,239
VOLVO,XC90 T6 AWD,247
ACURA,MDX HYBRID AWD,210
ACURA,NSX,261
ALFA ROMEO,4C SPIDER,197
ALFA ROMEO,GIULIA,205
ALFA ROMEO,GIULIA AWD,217
ALFA ROMEO,GIULIA QUADRIFOGLIO,280
ASTON MARTIN,DB11 V12,322
AUDI,A4 ULTRA,177
BENTLEY,BENTAYGA,370
BENTLEY,MULSANNE EWB,430
BMW,230i CABRIOLET,207
BMW,230i COUPE,197
BMW,230i xDRIVE CABRIOLET,213
BMW,230i xDRIVE COUPE,210
BMW,330i xDRIVE,213
BMW,330i xDRIVE GRAN TURISMO,213
BMW,330i xDRIVE TOURING,213
BMW,340i xDRIVE GRAN TURISMO,238
BMW,430i xDRIVE CABRIOLET,211
BMW,430i xDRIVE COUPE,213
BMW,430i xDRIVE GRAN COUPE,213
BMW,440i COUPE,224
BMW,440i xDRIVE CABRIOLET,238
BMW,440i xDRIVE COUPE,228
BMW,440i xDRIVE GRAN COUPE,228
BMW,530i xDRIVE,213
BMW,540i xDRIVE,228
BMW,ALPINA B7 xDRIVE,292
BMW,M240i CABRIOLET,224
BMW,M240i COUPE,224
BMW,M240i xDRIVE CABRIOLET,228
BMW,M240i xDRIVE COUPE,228
BMW,M760i xDRIVE,355
BUICK,ENCORE (LUV Engine),194
BUICK,ENCORE (LE2 Engine),185
BUICK,ENCORE AWD (LUV Engine),208
BUICK,ENCORE AWD (LE2 Engine),196
CADILLAC,XT5,245
CADILLAC,XT5 AWD,260
CHEVROLET,COLORADO ZR2 4WD,315
CHEVROLET,CRUZE HATCHBACK,172
CHEVROLET,CRUZE HATCHBACK PREMIER,176
CHRYSLER,PACIFICA,257
CHRYSLER,PACIFICA (Stop-Start),249
DODGE,CHALLENGER GT,258
DODGE,VIPER,387
FIAT,124 SPIDER,187
FORD,ESCAPE FFV,229
FORD,F-150 (LT Tire Pkg),263
FORD,F-150 4X4 (LT Tire Pkg),293
FORD,F-150 FFV 4X4 (LT Tire Pkg),330
FORD,FOCUS (Start/Stop),176
FORD,GT,406
FORD,MUSTANG (Performance Pkg),239
GENESIS,G80 AWD,286
GENESIS,G90 AWD,279
HONDA,CIVIC HATCHBACK,162
HYUNDAI,IONIQ,103
HYUNDAI,IONIQ BLUE,96
HYUNDAI,SONATA HYBRID SE,137
INFINITI,Q60S RED SPORT AWD,259
INFINITI,QX30,200
INFINITI,QX30 AWD,221
JAGUAR,F-PACE 35t,277
JAGUAR,F-TYPE R CONVERTIBLE AWD,311
JAGUAR,F-TYPE R COUPE AWD,311
JAGUAR,XE 20d AWD,186
JAGUAR,XE 35t AWD,238
JAGUAR,XF 20d AWD,186
JAGUAR,XF 35t AWD,243
JAGUAR,XJL PORTFOLIO 3.0 AWD,280
JAGUAR,XJR  LWB,313
JEEP,CHEROKEE 4X4 ACTIVE DRIVE I,235
JEEP,CHEROKEE 4X4 ACTIVE DRIVE LOCK,256
JEEP,GRAND CHEROKEE SRT8,368
JEEP,NEW COMPASS,218
JEEP,NEW COMPASS 4X4,222
KIA,FORTE (MPI),170
KIA,FORTE (GDI),198
KIA,NIRO,114
KIA,NIRO FE,110
KIA,NIRO TOURING,129
KIA,OPTIMA FE,190
KIA,OPTIMA TURBO,224
KIA,SORENTO AWD FE,270
KIA,SOUL TURBO,199
LAMBORGHINI,AVENTADOR COUPE LP 740,461
LAMBORGHINI,AVENTADOR ROADSTER LP 740,461
LAND ROVER,RANGE ROVER EVOQUE CONVERTIBLE,243
LINCOLN,CONTINENTAL AWD,281
LINCOLN,MKC AWD (Start/Stop),254
MASERATI,LEVANTE,340
MASERATI,LEVANTE S,346
MERCEDES-BENZ,AMG C 63 CABRIOLET,291
MERCEDES-BENZ,AMG C 63 COUPE,285
MERCEDES-BENZ,AMG C 63 S CABRIOLET,291
MERCEDES-BENZ,AMG C 63 S COUPE,285
MERCEDES-BENZ,AMG GLA 45 4MATIC,233
MERCEDES-BENZ,AMG GLC 43 4MATIC COUPE,353
MERCEDES-BENZ,AMG GLE 43 4MATIC,281
MERCEDES-BENZ,AMG GLE 43 4MATIC COUPE,281
MERCEDES-BENZ,AMG GLE 63 S 4MATIC COUPE,363
MERCEDES-BENZ,AMG GLS 63,369
MERCEDES-BENZ,AMG GT COUPE,303
MERCEDES-BENZ,AMG GT S COUPE,303
MERCEDES-BENZ,AMG S 63 4MATIC,313
MERCEDES-BENZ,AMG S 63 CABRIOLET,322
MERCEDES-BENZ,AMG S 65 CABRIOLET,348
MERCEDES-BENZ,AMG SLC 43,234
MERCEDES-BENZ,C 300 4MATIC CABRIOLET,222
MERCEDES-BENZ,C 300 4MATIC COUPE,218
MERCEDES-BENZ,GLC 300 4MATIC,233
MERCEDES-BENZ,GLS 450 4MATIC,306
MERCEDES-BENZ,GLS 550 4MATIC,347
MERCEDES-BENZ,S 550 4MATIC CABRIOLET,276
MERCEDES-BENZ,SL 450,237
MERCEDES-BENZ,SLC 300,200
MINI,COOPER CLUBMAN ALL4,213
MINI,COOPER COUNTRYMAN ALL4,215
MINI,COOPER S CLUBMAN ALL4,210
MINI,COOPER S COUNTRYMAN  ALL4,213
MINI,JOHN COOPER WORKS 3 DOOR,196
MINI,JOHN COOPER WORKS CLUBMAN ALL4,210
MITSUBISHI,MIRAGE G4,149
NISSAN,QASHQAI,191
NISSAN,QASHQAI AWD,197
NISSAN,SENTRA (Turbo),193
NISSAN,SENTRA NISMO,205
NISSAN,TITAN 4WD PRO-4X,333
PORSCHE,CAYENNE PLATINUM,281
PORSCHE,MACAN,248
PORSCHE,MACAN GTS,287
ROLLS-ROYCE,DAWN,390
SUBARU,CROSSTREK AWD,193
SUBARU,IMPREZA 4-DOOR AWD,174
SUBARU,IMPREZA 5-DOOR AWD,176
SUBARU,WRX AWD,255
TOYOTA,86,204
TOYOTA,COROLLA iM,176
TOYOTA,HIGHLANDER AWD (Start/Stop System),247
TOYOTA,HIGHLANDER AWD LE,242
VOLKSWAGEN,GOLF ALLTRACK,220
VOLKSWAGEN,GOLF SPORTWAGEN,192
VOLKSWAGEN,GOLF SPORTWAGEN 4MOTION,220
VOLVO,S60 INSCRIPTION T5,198
VOLVO,S90 T5,204
VOLVO,S90 T6 AWD,219
VOLVO,V90 T5,204
VOLVO,V90 T6 AWD,219
VOLVO,V90 CC T6 AWD,221
ACURA,TLX A-SPEC,209
ACURA,TLX SH-AWD A-SPEC,240
ALFA ROMEO,4C COUPE,197
ALFA ROMEO,STELVIO AWD,226
ALFA ROMEO,STELVIO QUADRIFOGLIO,292
ASTON MARTIN,DB11 V8,271
AUDI,A5 SPORTBACK QUATTRO,203
AUDI,R8 QUATTRO,338
AUDI,RS 3,248
AUDI,S5 SPORTBACK,232
AUDI,TT RS,245
AUDI,TTS COUPE,222
BENTLEY,CONTINENTAL SUPERSPORTS,389
BMW,640i xDRIVE GRAN TURISMO,241
BMW,750i xDRIVE SWB,283
BMW,M550i xDRIVE,283
BMW,X2 xDRIVE28i,222
BMW,X3 xDRIVE30i,223
BMW,X3 M40i,241
BUGATTI,CHIRON,522
BUICK,ENCORE (SIDI with Stop/Start),185
BUICK,ENCORE AWD (SIDI with Stop/Start),196
CHEVROLET,CRUZE HATCHBACK DIESEL,178
CHEVROLET,SILVERADO eASSIST,278
DODGE,CHALLENGER GT AWD,258
DODGE,CHALLENGER GT AWD FFV,258
DODGE,CHALLENGER SRT DEMON,339
DODGE,DURANGO AWD SRT,363
FIAT,500,202
FIAT,500 ABARTH,202
FORD,ECOSPORT,195
FORD,ECOSPORT AWD,217
FORD,F-150 FFV (LT Tire Pkg),263
FORD,F-150 4X4 XL/XLT,266
FORD,F-150 RAPTOR 4WD,339
GMC,SIERRA eASSIST,278
HONDA,ACCORD SPORT/TOURING,211
HONDA,CIVIC COUPE Si,173
HONDA,CIVIC HATCHBACK SPORT,170
HONDA,CIVIC SEDAN Si,173
HONDA,CIVIC TYPE R,224
HONDA,ODYSSEY TOURING,247
HYUNDAI,KONA,186
HYUNDAI,KONA AWD,201
HYUNDAI,SANTA FE SPORT ULTIMATE AWD,264
INFINITI,Q50 AWD RED SPORT,260
INFINITI,Q60 AWD RED SPORT,259
JAGUAR,F-PACE 20d,218
JAGUAR,F-PACE 25t,227
JAGUAR,F-TYPE CONVERTIBLE R-DYNAMIC,253
JAGUAR,F-TYPE CONVERTIBLE R-DYNAMIC AWD,265
JAGUAR,F-TYPE COUPE R-DYNAMIC,253
JAGUAR,F-TYPE COUPE R-DYNAMIC AWD,265
JAGUAR,XE 25t AWD,200
JAGUAR,XF 25t AWD,207
JAGUAR,XJ R-SPORT AWD,276
JAGUAR,XJL PORTFOLIO AWD,280
JEEP,CHEROKEE 4X4 ACTIVE DRIVE I FFV,235
JEEP,GRAND CHEROKEE 4X4 SRT,368
JEEP,GRAND CHEROKEE 4X4 TRACKHAWK,413
JEEP,NEW WRANGLER 4X4,233
JEEP,NEW WRANGLER UNLIMITED 4X4,245
JEEP,WRANGLER JK 4X4,299
JEEP,WRANGLER JK UNLIMITED 4X4,313
KIA,STINGER AWD,265
LAMBORGHINI,AVENTADOR S COUPE,454
LAMBORGHINI,AVENTADOR S ROADSTER,464
LAMBORGHINI,HURACAN AWD,349
LAMBORGHINI,HURACAN SPYDER AWD,350
LAND ROVER,RANGE ROVER VELAR,229
LEXUS,IS 300,214
LEXUS,LC 500,286
LEXUS,LC 500h,187
LEXUS,LS 500,240
LEXUS,LS 500 AWD,259
LEXUS,LS 500h,195
LEXUS,LS 500h AWD,211
LEXUS,NX 300 AWD,226
LEXUS,NX 300 AWD F SPORT,232
LEXUS,RX 350 L AWD,268
MAZDA,CX-5 ,206
MAZDA,CX-5 (Cylinder Deactivation),201
MAZDA,CX-5 4WD (Cylinder Deactivation),208
MAZDA,MAZDA6 TURBO,208
MERCEDES-BENZ,AMG C 43 4MATIC,244
MERCEDES-BENZ,AMG C 43 4MATIC CABRIOLET,256
MERCEDES-BENZ,AMG C 43 4MATIC COUPE,245
MERCEDES-BENZ,AMG CLA 45 4MATIC,217
MERCEDES-BENZ,AMG E 43 4MATIC,258
MERCEDES-BENZ,AMG GLC 43 4MATIC,277
MERCEDES-BENZ,AMG GLS 63 4MATIC,367
MERCEDES-BENZ,AMG GT ROADSTER,304
MERCEDES-BENZ,AMG GT C COUPE,322
MERCEDES-BENZ,AMG GT C ROADSTER,322
MERCEDES-BENZ,AMG GT R COUPE,324
MERCEDES-BENZ,AMG S 63 4MATIC CABRIOLET,306
MERCEDES-BENZ,AMG S 63 4MATIC COUPE,271
MERCEDES-BENZ,C 300 4MATIC WAGON,222
MERCEDES-BENZ,E 400 4MATIC CABRIOLET,251
MERCEDES-BENZ,GLC 300 4MATIC COUPE,235
MERCEDES-BENZ,MAYBACH S 650,355
MERCEDES-BENZ,S 450 4MATIC SWB,255
MERCEDES-BENZ,S 560 CABRIOLET,276
MERCEDES-BENZ,S 560 4MATIC,265
MERCEDES-BENZ,S 560 4MATIC SWB,261
MERCEDES-BENZ,S 560 4MATIC COUPE,269
MITSUBISHI,ECLIPSE CROSS,208
MITSUBISHI,ECLIPSE CROSS 4WD,216
NISSAN,KICKS,169
PORSCHE,911 TARGA 4 GTS,251
PORSCHE,911 TURBO S EXCLUSIVE,285
PORSCHE,MACAN TURBO KIT,286
PORSCHE,PANAMERA 4 EXECUTIVE,235
PORSCHE,PANAMERA 4 ST,242
PORSCHE,PANAMERA 4S ST,249
PORSCHE,PANAMERA TURBO ST,279
SUBARU,BRZ tS,239
SUBARU,WRX STI AWD,291
SUBARU,WRX STI AWD TYPE RA,296
TOYOTA,CAMRY LE/SE,172
TOYOTA,CAMRY XLE/XSE,173
TOYOTA,CAMRY XSE,215
TOYOTA,C-HR,189
VOLKSWAGEN,ATLAS,233
VOLKSWAGEN,ATLAS 4MOTION,282
VOLKSWAGEN,BEETLE DUNE CONVERTIBLE,189
VOLVO,S90 T5 AWD,206
VOLVO,V90 CC T5 AWD,214
ACURA,MDX SH-AWD A-SPEC,258
ACURA,RDX AWD A-SPEC,242
ALFA ROMEO,Stelvio,218
ALFA ROMEO,Stelvio AWD Quadrifoglio,292
ASTON MARTIN,DB11 AMR,312
ASTON MARTIN,DBS Superleggera,324
ASTON MARTIN,Rapide AMR,332
ASTON MARTIN,Vanquish Zagato,346
ASTON MARTIN,Vantage V8,264
AUDI,Q8,294
AUDI,RS 5 Coupe,262
AUDI,RS 5 Sportback,268
AUDI,TT RS Coupe,241
BMW,M2 Competition,294
BMW,M240i Coupe M Performance,227
BMW,M240i xDrive Coupe M Performance,229
BMW,M4 Cabriolet Competition,299
BMW,M4 Coupe Competition,294
BMW,M4 CS,294
BMW,M5 Competition,324
BMW,M760Li xDrive,355
BMW,M850i xDrive Cabriolet,270
BMW,M850i xDrive Coupe,269
BMW,X4 xDrive30i,223
BMW,X5 xDrive40i,245
BMW,X7 xDrive40i,254
BMW,X7 xDrive50i,294
CADILLAC,XT4,209
CADILLAC,XT4 AWD,227
CHEVROLET,Blazer,232
CHEVROLET,Blazer AWD,265
CHEVROLET,Corvette ZR1,381
CHEVROLET,Silverado 4WD Trail Boss,347
CHEVROLET,Silverado LD,317
CHEVROLET,Silverado LD 4WD,325
DODGE,Challenger SRT Hellcat Redeye,339
FORD,F-150 4X4 Limited,296
FORD,Mustang Bullitt,311
FORD,Ranger 4WD,256
GENESIS,G70,255
GENESIS,G70 AWD,241
GMC,Sierra 4WD AT4,320
GMC,Sierra LTD,317
GMC,Sierra LTD 4WD,325
HONDA,Insight EX,114
HONDA,Insight Touring,114
HONDA,Passport AWD,265
HYUNDAI,Santa Fe XL,268
HYUNDAI,Santa Fe XL AWD,276
HYUNDAI,Santa Fe XL Ultimate AWD,297
HYUNDAI,Sonata SE,190
HYUNDAI,Veloster N,226
JAGUAR,E-PACE P250,231
JEEP,Grand Cherokee 4X4 EcoDiesel,268
JEEP,Renegade 4X4 Trailhawk,230
JEEP,Wrangler JL 4X4,233
JEEP,Wrangler JL Unlimited 4X4,245
LAMBORGHINI,Huracan Coupe,366
LAMBORGHINI,Huracan Coupe AWD,370
LAMBORGHINI,Huracan Performante Coupe,370
LAMBORGHINI,Huracan Performante Spyder,370
LAMBORGHINI,Urus,384
LAND ROVER,Discovery,311
LAND ROVER,Discovery TD6 Diesel,279
LAND ROVER,Range Rover 3.0,291
LAND ROVER,Range Rover 5.0 Supercharged,305
LAND ROVER,Range Rover SVAutobiography LWB,365
LAND ROVER,Range Rover Sport 3.0,291
LAND ROVER,Range Rover Velar D180,229
LAND ROVER,Range Rover Velar P300,248
LAND ROVER,Range Rover Velar P380,273
LEXUS,ES 350 F SPORT,219
LEXUS,RX 450h L AWD,190
LEXUS,UX 200,168
LEXUS,UX 250h,130
LEXUS,UX 250h AWD,140
LINCOLN,Nautilus,250
MASERATI,Levante GTS,360
MASERATI,Levante Trofeo,360
MAZDA,CX-5 Turbo 4WD,230
MAZDA,CX-5 Diesel 4WD,227
MAZDA,Mazda3 4-Door (Cylinder Deactivation),183
MAZDA,Mazda3 4-Door 4WD,192
MAZDA,Mazda3 5-Door 4WD,204
MERCEDES-BENZ,A 220,195
MERCEDES-BENZ,A 220 4MATIC,199
MERCEDES-BENZ,A 250,192
MERCEDES-BENZ,A 250 4MATIC,201
MERCEDES-BENZ,AMG C 43 4MATIC Wagon,255
MERCEDES-BENZ,AMG CLS 53 4MATIC+,235
MERCEDES-BENZ,AMG E 53 4MATIC+,232
MERCEDES-BENZ,AMG E 53 4MATIC+ Cabriolet,245
MERCEDES-BENZ,AMG E 53 4MATIC+ Coupe,237
MERCEDES-BENZ,AMG E 53 4MATIC+ Wagon,239
MERCEDES-BENZ,AMG E 63 S 4MATIC+,318
MERCEDES-BENZ,AMG E 63 S 4MATIC+ Wagon,299
MERCEDES-BENZ,AMG GLC 63 S 4MATIC+,309
MERCEDES-BENZ,AMG GLC 63 S 4MATIC+ Coupe,309
MERCEDES-BENZ,AMG GT 53 4MATIC+ Coupe,264
MERCEDES-BENZ,AMG GT 63 4MATIC+ Coupe,323
MERCEDES-BENZ,AMG GT 63 S 4MATIC+ Coupe,324
MERCEDES-BENZ,AMG S 63 4MATIC+,275
MERCEDES-BENZ,AMG S 63 4MATIC+ Cabriolet,306
MERCEDES-BENZ,AMG S 63 4MATIC+ Coupe,271
MERCEDES-BENZ,CLS 450 4MATIC,213
MERCEDES-BENZ,E 450 4MATIC,244
MERCEDES-BENZ,E 450 4MATIC Cabriolet,271
MERCEDES-BENZ,E 450 4MATIC Coupe,257
MERCEDES-BENZ,E 450 4MATIC Wagon,254
MERCEDES-BENZ,Maybach S 560 4MATIC,286
MERCEDES-BENZ,Metris Cargo LWB,248
NISSAN,Altima SR/Platinum,190
NISSAN,Altima AWD,186
NISSAN,Altima AWD SR/Platinum,190
PORSCHE,911 Carrera T,248
PORSCHE,911 GT2 RS,315
PORSCHE,911 GT3 RS,335
PORSCHE,911 GT3 Touring,334
PORSCHE,911 Speedster,350
PORSCHE,911 Turbo S Exclusive Cabriolet,297
PORSCHE,Panamera GTS ST,313
RAM,1500 eTorque,253
RAM,1500 HFE eTorque,246
RAM,1500 4X4 eTorque,260
RAM,1500 Classic EcoDiesel,278
RAM,1500 Classic FFV,280
RAM,1500 Classic,346
RAM,1500 Classic 4X4 EcoDiesel,289
RAM,1500 Classic 4X4 FFV,294
RAM,1500 Classic 4X4,382
ROLLS-ROYCE,Cullinan,382
SUBARU,Ascent AWD,244
TOYOTA,Corolla LE Eco,163
TOYOTA,Corolla Hatchback,157
TOYOTA,Prius AWD,109
VOLKSWAGEN,Arteon 4MOTION,244
VOLVO,XC40 T5 AWD,211
ACURA,TLX SH-AWD A-SPEC/Limited Edition,240
AUDI,A6 allroad,247
AUDI,R8 Coupe,347
BMW,330i xDrive Sedan,195
BMW,430i Coupe,204
BMW,530i xDrive Sedan,206
BMW,540i xDrive Sedan,222
BMW,M340i xDrive Sedan,233
BMW,M550i xDrive Sedan,273
BMW,M760i xDrive Sedan,354
BMW,M8 Cabriolet,322
BMW,M8 Cabriolet Competition,322
BMW,M8 Coupe,322
BMW,M8 Coupe Competition,322
BMW,M8 Gran Coupe,322
BMW,M8 Gran Coupe Competition,322
BMW,M850i xDrive Gran Coupe,290
BMW,X2 M35i,210
BMW,X3 M,339
BMW,X3 M Competition,339
BMW,X4 M,339
BMW,X4 M Competition,339
BMW,X5 M50i,302
BMW,X6 xDrive40i,245
BMW,X6 M50i,302
BMW,X7 M50i,318
BMW,Z4 sDrive30i,200
BMW,Z4 M40i,216
BUICK,Encore GX,198
BUICK,Encore GX AWD,199
CADILLAC,CT4,203
CADILLAC,CT4 AWD,213
CADILLAC,CT4-V,234
CADILLAC,CT4-V AWD,238
CADILLAC,CT5,209
CADILLAC,CT5 AWD,221
CADILLAC,CT5-V,263
CADILLAC,CT5-V AWD,276
CADILLAC,XT6 AWD,277
CHEVROLET,Silverado WT,275
CHEVROLET,Silverado WT 4WD,280
CHEVROLET,Silverado 4WD Custom Trail Boss,349
CHEVROLET,Silverado 4WD LT Trail Boss,307
CHRYSLER,Voyager (Stop-Start),249
DODGE,Challenger AWD,258
DODGE,Challenger Widebody (MDS),305
DODGE,Challenger SRT Hellcat Widebody,358
DODGE,Charger Widebody (MDS),305
DODGE,Charger SRT Hellcat Widebody,368
DODGE,Grand Caravan,276
FORD,Escape Hybrid,136
FORD,Escape Hybrid AWD,139
FORD,Explorer Hybrid AWD,225
FORD,Mustang Convertible (Performance Pkg),244
FORD,Shelby GT500 Mustang,392
FORD,T-150 Wagon FFV 4WD,352
FORD,Transit Connect Van LWB,219
GMC,Sierra WT,275
GMC,Sierra WT 4WD,280
HONDA,Insight EX/Touring,115
HYUNDAI,Palisade,250
HYUNDAI,Palisade AWD,265
HYUNDAI,Venue,178
JAGUAR,E-PACE P300,236
JAGUAR,F-PACE 30t,232
JAGUAR,F-PACE S,277
JAGUAR,F-PACE SVR,303
JAGUAR,F-TYPE P300 Convertible,215
JAGUAR,F-TYPE SVR AWD Convertible,299
JAGUAR,F-TYPE P300 Coupe,215
JAGUAR,F-TYPE SVR AWD Coupe,299
JAGUAR,XE P250 AWD,200
JAGUAR,XE P300 AWD,220
JAGUAR,XF 30t AWD,217
JAGUAR,XF S AWD,243
JEEP,Gladiator 4X4,290
JEEP,Wrangler 4X4 eTorque,259
JEEP,Wrangler Unlimited 4X4 eTorque,257
JEEP,Wrangler Unlimited 4X4 EcoDiesel,255
KIA,Telluride AWD,264
LAND ROVER,Discovery Sport P250,266
LAND ROVER,Discovery Sport P290,262
LAND ROVER,Range Rover 5.0 Supercharged LWB,305
LAND ROVER,Range Rover SVAutobiography Dynamic,354
LAND ROVER,Range Rover Sport SVR,336
LAND ROVER,Range Rover Evoque P250,245
LAND ROVER,Range Rover Evoque P300,242
LAND ROVER,Range Rover Velar P250,238
LAND ROVER,Range Rover Velar P340,273
LAND ROVER,Range Rover Velar SVAutobiography Dynamic,318
LINCOLN,Aviator,280
LINCOLN,Corsair AWD,229
LINCOLN,Nautilus AWD,250
MASERATI,Ghibli S Q4,295
MASERATI,Quattroporte S Q4,301
MAZDA,CX-3 (SIL),186
MAZDA,CX-30,189
MAZDA,CX-30 4WD,202
MAZDA,CX-30 4WD (Cylinder Deactivation),200
NISSAN,Sentra SR,171
ROLLS-ROYCE,Cullinan Black Badge,386
TOYOTA,Camry TRD,220
TOYOTA,Camry AWD LE/SE,190
TOYOTA,Camry AWD XLE/XSE,197
TOYOTA,Corolla XLE,170
TOYOTA,Corolla XSE,164
TOYOTA,Corolla Hybrid,106
TOYOTA,GR Supra,208
TOYOTA,Highlander Hybrid AWD Limited/Platinum,156
TOYOTA,RAV4 AWD TRD Off-Road,200
TOYOTA,Tacoma 4WD D-Cab TRD Off-Road/Pro,300
VOLKSWAGEN,Atlas Cross Sport 4MOTION,273
VOLVO,XC40 T4 AWD,210
