Make,Model,CO2 Emissions(lbs/mile)
ACURA,ILX,0.268551128
ACURA,ILX HYBRID,0.186341599
ACURA,MDX 4WD,0.349390499
ACURA,RDX AWD,0.334318752
ACURA,RLX,0.315136528
ACURA,TL,0.317876846
ACURA,TL AWD,0.349390499
ACURA,TSX,0.290473669
ALFA ROMEO,4C,0.264440652
ASTON MARTIN,DB9,0.491887016
ASTON MARTIN,RAPIDE,0.491887016
ASTON MARTIN,V8 VANTAGE,0.46311368
ASTON MARTIN,V8 VANTAGE S,0.46311368
ASTON MARTIN,VANQUISH,0.491887016
AUDI,A4,0.276772081
AUDI,A4 QUATTRO,0.315136528
AUDI,A5 CABRIOLET QUATTRO,0.315136528
AUDI,A5 QUATTRO,0.315136528
AUDI,A6 QUATTRO,0.321987322
AUDI,A6 QUATTRO TDI (modified),0.297324463
AUDI,A7 QUATTRO,0.35898161
AUDI,A7 QUATTRO TDI (modified),0.297324463
AUDI,A8,0.353500975
AUDI,A8 TDI (modified),0.306915575
AUDI,A8L,0.353500975
AUDI,A8L TDI (modified),0.306915575
AUDI,ALLROAD QUATTRO,0.331578434
AUDI,Q5,0.327467957
AUDI,Q5 TDI (modified),0.334318752
AUDI,Q5 HYBRID,0.290473669
AUDI,Q7,0.416528281
AUDI,Q7 TDI (modified),0.397346057
AUDI,R8,0.460373363
AUDI,R8 SPYDER,0.460373363
AUDI,RS 5,0.419268598
AUDI,RS 5 CABRIOLET,0.422008916
AUDI,RS 7,0.401456534
AUDI,S4,0.35898161
AUDI,S5,0.35898161
AUDI,S5 CABRIOLET,0.365832404
AUDI,S6,0.385014628
AUDI,S7,0.385014628
AUDI,S8,0.411047645
AUDI,SQ5,0.400086375
AUDI,TT COUPE QUATTRO,0.286363193
AUDI,TT ROADSTER QUATTRO,0.286363193
AUDI,TTS COUPE QUATTRO,0.32472764
AUDI,TTS ROADSTER QUATTRO,0.32472764
BENTLEY,CONTINENTAL GT,0.430229869
BENTLEY,CONTINENTAL GTC,0.454892728
BENTLEY,CONTINENTAL GT SPEED CONVERTIBLE,0.520660351
BENTLEY,FLYING SPUR,0.531621621
BENTLEY,MULSANNE,0.598759403
BMW,320i,0.264440652
BMW,320i xDRIVE,0.276772081
BMW,328d xDRIVE,0.247998746
BMW,328d xDRIVE TOURING,0.247998746
BMW,328i,0.264440652
BMW,328i xDRIVE,0.286363193
BMW,328i xDRIVE GRAN TURISMO,0.286363193
BMW,328i xDRIVE TOURING,0.286363193
BMW,335i,0.302805099
BMW,335i xDRIVE,0.31239621
BMW,335i xDRIVE GRAN TURISMO,0.317876846
BMW,428i COUPE,0.264440652
BMW,428i xDRIVE COUPE,0.286363193
BMW,435i COUPE,0.302805099
BMW,435i xDRIVE COUPE,0.31239621
BMW,528i,0.276772081
BMW,528i xDRIVE,0.286363193
BMW,535d xDRIVE,0.291843828
BMW,535i xDRIVE,0.317876846
BMW,535i xDRIVE GRAN TURISMO,0.337059069
BMW,550i xDRIVE,0.385014628
BMW,550i xDRIVE GRAN TURISMO,0.400086375
BMW,640i xDRIVE GRAN COUPE,0.317876846
BMW,650i xDRIVE CABRIOLET,0.400086375
BMW,650i xDRIVE COUPE,0.385014628
BMW,650i xDRIVE GRAN COUPE,0.400086375
BMW,740Li xDRIVE,0.337059069
BMW,750i xDRIVE,0.400086375
BMW,750Li xDRIVE,0.400086375
BMW,760Li,0.487776539
BMW,ACTIVEHYBRID 3,0.261700334
BMW,ACTIVEHYBRID 5,0.293213987
BMW,ACTIVEHYBRID 7L,0.290473669
BMW,ALPINA B7 xDRIVE LWB,0.400086375
BMW,ALPINA B7 xDRIVE SWB,0.400086375
BMW,M5,0.46311368
BMW,M6,0.46311368
BMW,M6 CABRIOLET,0.46311368
BMW,M6 GRAN COUPE,0.46311368
BMW,X1 xDRIVE28i,0.286363193
BMW,X1 xDRIVE35i,0.356241293
BMW,X3 xDRIVE28i,0.315136528
BMW,X3 xDRIVE35i,0.346650181
BMW,X5 xDRIVE35i,0.349390499
BMW,X5 xDRIVE50i,0.438450822
BMW,X6 M,0.506958763
BMW,X6 xDRIVE35i,0.375423516
BMW,X6 xDRIVE50i,0.443931457
BMW,Z4 sDRIVE28i,0.286363193
BMW,Z4 sDRIVE35i,0.380904151
BMW,Z4 sDRIVE35is,0.380904151
BUICK,ENCLAVE,0.387754945
BUICK,ENCLAVE AWD,0.397346057
BUICK,ENCORE,0.268551128
BUICK,ENCORE AWD,0.290473669
BUICK,LACROSSE,0.361721928
BUICK,LACROSSE AWD,0.361721928
BUICK,LACROSSE eASSIST,0.258960017
BUICK,REGAL,0.31239621
BUICK,REGAL AWD,0.337059069
BUICK,REGAL eASSIST,0.258960017
BUICK,VERANO,0.31239621
CADILLAC,ATS,0.302805099
CADILLAC,ATS AWD,0.317876846
CADILLAC,CTS COUPE,0.353500975
CADILLAC,CTS COUPE AWD,0.35898161
CADILLAC,CTS SEDAN,0.317876846
CADILLAC,CTS SEDAN AWD,0.339799387
CADILLAC,CTS SEDAN Vsport,0.402826692
CADILLAC,CTS SPORT WAGON,0.346650181
CADILLAC,CTS SPORT WAGON AWD,0.349390499
CADILLAC,CTS-V COUPE,0.523400668
CADILLAC,CTS-V SEDAN,0.523400668
CADILLAC,CTS-V SPORT WAGON,0.523400668
CADILLAC,ESCALADE AWD,0.46311368
CADILLAC,ESCALADE ESV AWD,0.516549874
CADILLAC,SRX,0.387754945
CADILLAC,SRX AWD,0.402826692
CADILLAC,XTS,0.35898161
CADILLAC,XTS AWD,0.37131304
CADILLAC,XTS Vsport AWD,0.397346057
CHEVROLET,CAMARO,0.353500975
CHEVROLET,CAMARO 2LS,0.331578434
CHEVROLET,CAMARO SS,0.402826692
CHEVROLET,CAMARO ZL1,0.523400668
CHEVROLET,CORVETTE,0.378163834
CHEVROLET,CRUZE,0.245258428
CHEVROLET,CRUZE DIESEL,0.263070493
CHEVROLET,CRUZE ECO,0.242518111
CHEVROLET,EQUINOX,0.286363193
CHEVROLET,EQUINOX AWD,0.315136528
CHEVROLET,EXPRESS 1500 CARGO,0.47544511
CHEVROLET,EXPRESS 1500 CARGO AWD,0.520660351
CHEVROLET,EXPRESS 1500 CARGO CONV,0.520660351
CHEVROLET,EXPRESS 1500 CARGO CONV AWD,0.520660351
CHEVROLET,EXPRESS 1500 PASSENGER,0.520660351
CHEVROLET,EXPRESS 1500 PASSENGER AWD,0.520660351
CHEVROLET,EXPRESS 2500 PASSENGER,0.567245751
CHEVROLET,EXPRESS 3500 PASSENGER,0.574096545
CHEVROLET,IMPALA,0.302805099
CHEVROLET,IMPALA ECO,0.274031764
CHEVROLET,MALIBU,0.31239621
CHEVROLET,ORLANDO,0.334318752
CHEVROLET,SILVERADO,0.37131304
CHEVROLET,SILVERADO 4WD,0.397346057
CHEVROLET,SONIC,0.252109222
CHEVROLET,SONIC RS,0.261700334
CHEVROLET,SONIC 5,0.252109222
CHEVROLET,SONIC 5 RS,0.261700334
CHEVROLET,SPARK,0.217855252
CHEVROLET,SUBURBAN,0.434340345
CHEVROLET,SUBURBAN 4WD,0.434340345
CHEVROLET,TAHOE,0.434340345
CHEVROLET,TAHOE 4WD,0.434340345
CHEVROLET,TRAVERSE,0.387754945
CHEVROLET,TRAVERSE AWD,0.397346057
CHEVROLET,TRAX,0.264440652
CHEVROLET,TRAX AWD,0.283622875
CHRYSLER,300,0.32472764
CHRYSLER,200 CONVERTIBLE,0.317876846
CHRYSLER,200 CONVERTIBLE FFV,0.331578434
CHRYSLER,200 SEDAN,0.308285734
CHRYSLER,200 SEDAN FFV,0.331578434
CHRYSLER,300 (MDS),0.402826692
CHRYSLER,300 AWD,0.343909863
CHRYSLER,300 AWD (MDS),0.422008916
CHRYSLER,300 AWD FFV,0.343909863
CHRYSLER,300 FFV,0.32472764
CHRYSLER,300 SRT (MDS),0.434340345
CHRYSLER,TOWN & COUNTRY FFV,0.378163834
DODGE,AVENGER,0.308285734
DODGE,AVENGER FFV,0.331578434
DODGE,CHALLENGER,0.353500975
DODGE,CHALLENGER (MDS),0.402826692
DODGE,CHALLENGER SRT,0.438450822
DODGE,CHALLENGER SRT (MDS),0.434340345
DODGE,CHARGER,0.353500975
DODGE,CHARGER (MDS),0.402826692
DODGE,CHARGER AWD,0.343909863
DODGE,CHARGER AWD (MDS),0.422008916
DODGE,CHARGER AWD FFV,0.343909863
DODGE,CHARGER FFV,0.353500975
DODGE,CHARGER SRT (MDS),0.434340345
DODGE,DART,0.25484954
DODGE,DART FFV,0.271291446
DODGE,DART GT,0.290473669
DODGE,DART TURBO AERO,0.230186681
DODGE,DURANGO AWD (MDS),0.453522569
DODGE,DURANGO AWD FFV,0.380904151
DODGE,GRAND CARAVAN FFV,0.37131304
DODGE,JOURNEY,0.349390499
DODGE,JOURNEY AWD,0.390495263
DODGE,JOURNEY FFV,0.378163834
FIAT,500 ABARTH CABRIO,0.245258428
FIAT,500 ABARTH HATCHBACK,0.245258428
FIAT,500 CABRIO,0.249368905
FIAT,500 CABRIO TURBO,0.245258428
FIAT,500 HATCHBACK,0.249368905
FIAT,500 HATCHBACK TURBO,0.245258428
FIAT,500L TURBO,0.274031764
FORD,C-MAX HYBRID,0.189081917
FORD,E150 VAN FFV,0.511069239
FORD,E150 WAGON FFV,0.528881304
FORD,E350 WAGON,0.668637503
FORD,E350 WAGON FFV,0.576836862
FORD,EDGE,0.308285734
FORD,EDGE AWD,0.361721928
FORD,ESCAPE,0.286363193
FORD,ESCAPE AWD,0.293213987
FORD,EXPEDITION 4X4 FFV,0.504218445
FORD,EXPLORER,0.321987322
FORD,EXPLORER AWD,0.409677487
FORD,EXPLORER FFV,0.375423516
FORD,EXPLORER FFV AWD,0.39460574
FORD,F-150,0.400086375
FORD,F-150 4X4,0.434340345
FORD,F-150 FFV,0.387754945
FORD,F-150 FFV 4X4,0.422008916
FORD,F-150 RAPTOR 4X4,0.567245751
FORD,FIESTA,0.239777793
FORD,FIESTA SFE,0.20826414
FORD,FIESTA ST,0.252109222
FORD,FLEX,0.361721928
FORD,FLEX AWD,0.380904151
FORD,FLEX AWD (EcoBoost),0.402826692
FORD,FOCUS,0.280882558
FORD,FOCUS FFV,0.242518111
FORD,FOCUS SFE FFV,0.227446364
FORD,FUSION,0.268551128
FORD,FUSION (Start/Stop),0.25484954
FORD,FUSION AWD,0.295954305
FORD,FUSION HYBRID,0.172640011
FORD,MUSTANG,0.321987322
FORD,MUSTANG CONVERTIBLE,0.334318752
FORD,TAURUS,0.286363193
FORD,TAURUS AWD,0.37131304
FORD,TAURUS FFV,0.32472764
FORD,TAURUS FFV AWD,0.353500975
FORD,TRANSIT CONNECT,0.298694622
FORD,TRANSIT CONNECT TAXI,0.317876846
FORD,TRANSIT CONNECT WAGON,0.327467957
GMC,ACADIA,0.387754945
GMC,ACADIA AWD,0.406937169
GMC,SAVANA 1500 CARGO,0.47544511
GMC,SAVANA 1500 CARGO AWD,0.520660351
GMC,SAVANA 1500 CARGO CONV,0.520660351
GMC,SAVANA 1500 CARGO CONV AWD,0.520660351
GMC,SAVANA 1500 PASSENGER,0.520660351
GMC,SAVANA 1500 PASSENGER AWD,0.520660351
GMC,SAVANA 2500 PASSENGER,0.567245751
GMC,SAVANA 3500 PASSENGER,0.574096545
GMC,SIERRA,0.37131304
GMC,SIERRA 4WD,0.397346057
GMC,TERRAIN,0.286363193
GMC,TERRAIN AWD,0.315136528
GMC,YUKON,0.434340345
GMC,YUKON 4WD,0.434340345
GMC,YUKON DENALI AWD,0.46311368
GMC,YUKON DENALI XL AWD,0.516549874
GMC,YUKON XL,0.434340345
GMC,YUKON XL 4WD,0.434340345
HONDA,ACCORD,0.249368905
HONDA,ACCORD HYBRID,0.15071747
HONDA,CIVIC,0.22059557
HONDA,CROSSTOUR AWD,0.337059069
HONDA,CR-V,0.286363193
HONDA,CR-V AWD,0.295954305
HONDA,CR-Z,0.198673029
HONDA,FIT,0.235667317
HONDA,ODYSSEY,0.334318752
HONDA,PILOT,0.363092087
HONDA,PILOT AWD,0.378163834
HONDA,RIDGELINE AWD,0.422008916
HYUNDAI,ACCENT,0.242518111
HYUNDAI,ELANTRA GT,0.271291446
HYUNDAI,EQUUS,0.416528281
HYUNDAI,GENESIS,0.349390499
HYUNDAI,SANTA FE,0.353500975
HYUNDAI,SANTA FE 4WD,0.365832404
HYUNDAI,SANTA FE SPORT,0.32472764
HYUNDAI,SANTA FE SPORT 4WD,0.361721928
HYUNDAI,SONATA,0.302805099
HYUNDAI,SONATA HYBRID,0.195932711
HYUNDAI,SONATA HYBRID LIMITED,0.198673029
HYUNDAI,TUCSON,0.293213987
HYUNDAI,TUCSON 4WD,0.331578434
HYUNDAI,VELOSTER,0.242518111
HYUNDAI,VELOSTER TURBO,0.276772081
INFINITI,Q50,0.321987322
INFINITI,Q50 AWD,0.339799387
INFINITI,Q50 HYBRID,0.235667317
INFINITI,Q50 HYBRID AWD,0.258960017
INFINITI,Q60 AWD COUPE,0.363092087
INFINITI,Q60 CONVERTIBLE,0.368572722
INFINITI,Q60 COUPE,0.349390499
INFINITI,Q70,0.346650181
INFINITI,Q70 AWD,0.365832404
INFINITI,Q70 HYBRID,0.239777793
INFINITI,QX50 AWD,0.37131304
INFINITI,QX60,0.334318752
INFINITI,QX60 AWD,0.346650181
INFINITI,QX60 HYBRID AWD,0.268551128
INFINITI,QX70 AWD,0.402826692
INFINITI,QX80 4WD,0.472704792
JAGUAR,F-TYPE CONVERTIBLE,0.32472764
JAGUAR,F-TYPE S CONVERTIBLE,0.334318752
JAGUAR,F-TYPE V8 S CONVERTIBLE,0.402826692
JAGUAR,XF,0.331578434
JAGUAR,XF 3.0L AWD,0.385014628
JAGUAR,XFR,0.419268598
JAGUAR,XFR-S,0.419268598
JAGUAR,XJ AWD,0.390495263
JAGUAR,XJ SUPERCHARGED,0.419268598
JAGUAR,XJL AWD PORTFOLIO,0.390495263
JAGUAR,XJL SUPERCHARGED,0.419268598
JAGUAR,XJR,0.419268598
JAGUAR,XJR LWB,0.419268598
JAGUAR,XK CONVERTIBLE,0.412417804
JAGUAR,XK COUPE,0.397346057
JAGUAR,XKR CONVERTIBLE,0.431600028
JAGUAR,XKR COUPE,0.424749234
JAGUAR,XKR-S CONVERTIBLE,0.431600028
JAGUAR,XKR-S COUPE,0.424749234
JEEP,CHEROKEE,0.298694622
JEEP,CHEROKEE 4X4,0.315136528
JEEP,CHEROKEE 4X4 ACTIVE DRIVE II,0.317876846
JEEP,CHEROKEE TRAILHAWK 4X4,0.343909863
JEEP,COMPASS,0.31239621
JEEP,COMPASS 4X4,0.321987322
JEEP,COMPASS 4X4 TRAIL RATED,0.349390499
JEEP,GRAND CHEROKEE 4X4 (MDS),0.465853998
JEEP,GRAND CHEROKEE 4X4 DIESEL,0.365832404
JEEP,GRAND CHEROKEE 4X4 FFV,0.380904151
JEEP,GRAND CHEROKEE SRT 4X4 (MDS),0.497367651
JEEP,PATRIOT,0.31239621
JEEP,PATRIOT 4X4,0.321987322
JEEP,PATRIOT 4X4 TRAIL RATED,0.349390499
JEEP,WRANGLER 4X4 (2-DOOR),0.402826692
JEEP,WRANGLER UNLIMITED 4X4 (4-DOOR),0.422008916
KIA,CADENZA,0.343909863
KIA,FORTE,0.261700334
KIA,FORTE 5,0.305545416
KIA,FORTE KOUP,0.295954305
KIA,OPTIMA,0.31239621
KIA,OPTIMA HYBRID,0.195932711
KIA,OPTIMA HYBRID EX,0.201413346
KIA,RIO,0.239777793
KIA,RIO ECO,0.239777793
KIA,RONDO,0.290473669
KIA,SEDONA,0.378163834
KIA,SORENTO,0.32472764
KIA,SORENTO 4WD,0.346650181
KIA,SOUL,0.280882558
KIA,SOUL ECO Dynamics,0.276772081
KIA,SPORTAGE,0.315136528
KIA,SPORTAGE AWD,0.35898161
LAMBORGHINI,AVENTADOR COUPE,0.576836862
LAMBORGHINI,GALLARDO COUPE,0.494627333
LAND ROVER,LR2,0.375423516
LAND ROVER,LR4,0.457633045
LAND ROVER,RANGE ROVER EVOQUE,0.308285734
LAND ROVER,RANGE ROVER EVOQUE COUPE,0.308285734
LAND ROVER,RANGE ROVER LWB V8 5.0 SC,0.485036222
LAND ROVER,RANGE ROVER LWB V8 5.0 SC FFV,0.47544511
LAND ROVER,RANGE ROVER SPORT V6 3.0 SC,0.390495263
LAND ROVER,RANGE ROVER SPORT V6 3.0 SC FFV,0.390495263
LAND ROVER,RANGE ROVER SPORT V8 5.0 SC,0.472704792
LAND ROVER,RANGE ROVER SPORT V8 5.0 SC FFV,0.46311368
LAND ROVER,RANGE ROVER V6 3.0 SC,0.387754945
LAND ROVER,RANGE ROVER V6 3.0 SC FFV,0.387754945
LAND ROVER,RANGE ROVER V8 5.0 SC,0.485036222
LAND ROVER,RANGE ROVER V8 5.0 SC FFV,0.47544511
LEXUS,CT 200h,0.176750488
LEXUS,ES 300h,0.189081917
LEXUS,ES 350,0.302805099
LEXUS,GS 350,0.327467957
LEXUS,GS 350 AWD,0.346650181
LEXUS,GS 450h,0.239777793
LEXUS,GX 460,0.438450822
LEXUS,IS 250,0.305545416
LEXUS,IS 250 AWD,0.327467957
LEXUS,IS 250 C,0.305545416
LEXUS,IS 350,0.334318752
LEXUS,IS 350 AWD,0.346650181
LEXUS,IS 350 C,0.334318752
LEXUS,IS F,0.397346057
LEXUS,LS 460,0.387754945
LEXUS,LS 460 AWD,0.406937169
LEXUS,LS 460 L AWD,0.406937169
LEXUS,LS 600h L,0.35898161
LEXUS,LX 570,0.520660351
LEXUS,RX 350 AWD,0.368572722
LEXUS,RX 450h AWD,0.258960017
LINCOLN,MKS AWD,0.37131304
LINCOLN,MKT AWD,0.402826692
LINCOLN,MKT LIVERY,0.321987322
LINCOLN,MKT LIVERY AWD,0.385014628
LINCOLN,MKX AWD,0.385014628
LINCOLN,MKZ,0.283622875
LINCOLN,MKZ AWD,0.35898161
LINCOLN,MKZ HYBRID,0.198673029
LINCOLN,NAVIGATOR 4X4 FFV,0.504218445
MASERATI,GHIBLI,0.400086375
MASERATI,GHIBLI AWD,0.400086375
MASERATI,GRANTURISMO,0.47544511
MASERATI,GRANTURISMO CONVERTIBLE,0.482295904
MASERATI,QUATTROPORTE GTS,0.457633045
MASERATI,QUATTROPORTE SQ4,0.412417804
MAZDA,CX-5,0.258960017
MAZDA,CX-5 4WD,0.268551128
MAZDA,CX-9,0.387754945
MAZDA,CX-9 4WD,0.397346057
MAZDA,MAZDA2,0.242518111
MAZDA,MAZDA3 4-DOOR,0.217855252
MAZDA,MAZDA3 4-DOOR (i-ELOOP),0.230186681
MAZDA,MAZDA3 4-DOOR (SIL),0.22059557
MAZDA,MAZDA3 5-DOOR,0.223335887
MAZDA,MAZDA3 5-DOOR (i-ELOOP),0.230186681
MAZDA,MAZDA3 5-DOOR (SIL),0.227446364
MAZDA,MAZDA5,0.305545416
MAZDA,MAZDA6,0.239777793
MAZDA,MAZDA6 (i-ELOOP),0.230186681
MAZDA,MX-5,0.321987322
MERCEDES-BENZ,B 250,0.252109222
MERCEDES-BENZ,C 250,0.295954305
MERCEDES-BENZ,C 250 COUPE,0.295954305
MERCEDES-BENZ,C 300 4MATIC FFV,0.331578434
MERCEDES-BENZ,C 350,0.331578434
MERCEDES-BENZ,C 350 4MATIC,0.327467957
MERCEDES-BENZ,C 350 4MATIC COUPE,0.334318752
MERCEDES-BENZ,C 350 COUPE,0.331578434
MERCEDES-BENZ,C 63 AMG,0.47544511
MERCEDES-BENZ,C 63 AMG COUPE,0.482295904
MERCEDES-BENZ,CL 550 4MATIC,0.416528281
MERCEDES-BENZ,CL 63 AMG,0.422008916
MERCEDES-BENZ,CLA 250,0.245258428
MERCEDES-BENZ,CLA 45 AMG 4MATIC,0.290473669
MERCEDES-BENZ,CLS 550 4MATIC,0.361721928
MERCEDES-BENZ,CLS 63 AMG 4MATIC,0.412417804
MERCEDES-BENZ,CLS 63 AMG S 4MATIC,0.412417804
MERCEDES-BENZ,E 250 BLUETEC 4MATIC,0.265810811
MERCEDES-BENZ,E 300 4MATIC,0.321987322
MERCEDES-BENZ,E 350 4MATIC,0.315136528
MERCEDES-BENZ,E 350 4MATIC COUPE,0.327467957
MERCEDES-BENZ,E 350 4MATIC WAGON,0.331578434
MERCEDES-BENZ,E 350 CABRIOLET,0.327467957
MERCEDES-BENZ,E 350 COUPE,0.321987322
MERCEDES-BENZ,E 400 HYBRID,0.276772081
MERCEDES-BENZ,E 550 4MATIC,0.365832404
MERCEDES-BENZ,E 550 CABRIOLET,0.368572722
MERCEDES-BENZ,E 550 COUPE,0.35898161
MERCEDES-BENZ,E 63 AMG 4MATIC,0.406937169
MERCEDES-BENZ,E 63 AMG 4MATIC WAGON,0.424749234
MERCEDES-BENZ,E 63 AMG S 4MATIC,0.406937169
MERCEDES-BENZ,E 63 AMG S 4MATIC WAGON,0.424749234
MERCEDES-BENZ,G 550,0.574096545
MERCEDES-BENZ,G 63 AMG,0.557654639
MERCEDES-BENZ,GL 350 BLUETEC 4MATIC,0.443931457
MERCEDES-BENZ,GL 450 4MATIC,0.479555586
MERCEDES-BENZ,GL 550 4MATIC,0.491887016
MERCEDES-BENZ,GL 63 AMG,0.497367651
MERCEDES-BENZ,GLK 250 BLUETEC 4MATIC,0.315136528
MERCEDES-BENZ,GLK 350 4MATIC,0.356241293
MERCEDES-BENZ,ML 350 4MATIC FFV,0.380904151
MERCEDES-BENZ,ML 350 BLUETEC 4MATIC,0.380904151
MERCEDES-BENZ,ML 550 4MATIC,0.448041933
MERCEDES-BENZ,ML 63 AMG 4MATIC,0.487776539
MERCEDES-BENZ,S 550 4MATIC LWB,0.380904151
MERCEDES-BENZ,S 550 4MATIC SWB,0.378163834
MERCEDES-BENZ,S 63 AMG 4MATIC,0.416528281
MERCEDES-BENZ,SL 550,0.368572722
MERCEDES-BENZ,SL 63 AMG,0.400086375
MERCEDES-BENZ,SL 65 AMG,0.448041933
MERCEDES-BENZ,SLK 250,0.280882558
MERCEDES-BENZ,SLK 350,0.308285734
MERCEDES-BENZ,SLK 55 AMG,0.337059069
MERCEDES-BENZ,SLS AMG BLACK SERIES COUPE,0.520660351
MERCEDES-BENZ,SLS AMG GT COUPE,0.494627333
MERCEDES-BENZ,SLS AMG ROADSTER,0.494627333
MINI,COOPER CLUBMAN,0.245258428
MINI,COOPER CONVERTIBLE,0.245258428
MINI,COOPER COUNTRYMAN,0.274031764
MINI,COOPER COUPE,0.239777793
MINI,COOPER PACEMAN,0.274031764
MINI,COOPER ROADSTER,0.245258428
MINI,COOPER S CLUBMAN,0.261700334
MINI,COOPER S CONVERTIBLE,0.261700334
MINI,COOPER S COUNTRYMAN ALL4,0.283622875
MINI,COOPER S COUPE,0.261700334
MINI,COOPER S PACEMAN ALL4,0.283622875
MINI,COOPER S ROADSTER,0.261700334
MINI,JOHN COOPER WORKS CLUBMAN,0.261700334
MINI,JOHN COOPER WORKS CONVERTIBLE,0.261700334
MINI,JOHN COOPER WORKS COUNTRYMAN ALL4,0.283622875
MINI,JOHN COOPER WORKS COUPE,0.261700334
MINI,JOHN COOPER WORKS PACEMAN ALL4,0.283622875
MINI,JOHN COOPER WORKS ROADSTER,0.261700334
MITSUBISHI,LANCER,0.258960017
MITSUBISHI,LANCER AWD,0.298694622
MITSUBISHI,LANCER EVOLUTION,0.39460574
MITSUBISHI,LANCER RALLIART,0.365832404
MITSUBISHI,LANCER SPORTBACK,0.271291446
MITSUBISHI,MIRAGE,0.189081917
MITSUBISHI,OUTLANDER,0.271291446
MITSUBISHI,OUTLANDER 4WD,0.286363193
MITSUBISHI,RVR,0.274031764
MITSUBISHI,RVR 4WD,0.283622875
NISSAN,370Z,0.346650181
NISSAN,370Z ROADSTER,0.35898161
NISSAN,ALTIMA,0.239777793
NISSAN,ARMADA 4WD,0.520660351
NISSAN,FRONTIER,0.387754945
NISSAN,FRONTIER 4WD,0.431600028
NISSAN,GT-R,0.406937169
NISSAN,JUKE,0.25484954
NISSAN,JUKE AWD,0.274031764
NISSAN,MAXIMA,0.343909863
NISSAN,MURANO AWD,0.37131304
NISSAN,NV200 CARGO VAN,0.293213987
NISSAN,PATHFINDER,0.334318752
NISSAN,PATHFINDER 4WD,0.346650181
NISSAN,PATHFINDER HYBRID 4WD,0.276772081
NISSAN,QUEST,0.349390499
NISSAN,ROGUE,0.261700334
NISSAN,ROGUE AWD,0.271291446
NISSAN,SENTRA,0.22059557
NISSAN,TITAN,0.491887016
NISSAN,TITAN 4WD,0.54532321
NISSAN,VERSA,0.20826414
NISSAN,XTERRA 4WD,0.448041933
PORSCHE,911 CARRERA,0.317876846
PORSCHE,911 CARRERA 4,0.32472764
PORSCHE,911 CARRERA 4 CABRIOLET,0.331578434
PORSCHE,911 CARRERA 4S,0.339799387
PORSCHE,911 CARRERA 4S CABRIOLET,0.346650181
PORSCHE,911 CARRERA CABRIOLET,0.317876846
PORSCHE,911 CARRERA S,0.334318752
PORSCHE,911 CARRERA S CABRIOLET,0.337059069
PORSCHE,911 GT3,0.441191139
PORSCHE,911 TURBO,0.375423516
PORSCHE,911 TURBO CABRIOLET,0.375423516
PORSCHE,911 TURBO S,0.375423516
PORSCHE,911 TURBO S CABRIOLET,0.375423516
PORSCHE,BOXSTER,0.290473669
PORSCHE,BOXSTER S,0.308285734
PORSCHE,CAYENNE,0.397346057
PORSCHE,CAYENNE DIESEL (modified),0.379533993
PORSCHE,CAYENNE GTS,0.46311368
PORSCHE,CAYENNE S,0.424749234
PORSCHE,CAYENNE S HYBRID,0.343909863
PORSCHE,CAYENNE TURBO,0.446671775
PORSCHE,CAYENNE TURBO S,0.490516857
PORSCHE,CAYMAN,0.290473669
PORSCHE,CAYMAN S,0.308285734
PORSCHE,PANAMERA,0.343909863
PORSCHE,PANAMERA 4,0.349390499
PORSCHE,PANAMERA 4S,0.356241293
PORSCHE,PANAMERA 4S EXECUTIVE,0.361721928
PORSCHE,PANAMERA GTS,0.400086375
PORSCHE,PANAMERA S,0.356241293
PORSCHE,PANAMERA TURBO,0.402826692
PORSCHE,PANAMERA TURBO EXECUTIVE,0.406937169
RAM,1500 (MDS),0.465853998
RAM,1500 4X4 (MDS),0.485036222
RAM,1500 4X4 DIESEL,0.391865422
RAM,1500 4X4 FFV,0.397346057
RAM,1500 DIESEL,0.376793675
RAM,1500 FFV,0.375423516
RAM,1500 HFE,0.356241293
RAM,CARGO VAN FFV,0.35898161
ROLLS-ROYCE,GHOST,0.504218445
ROLLS-ROYCE,GHOST EWB,0.504218445
ROLLS-ROYCE,PHANTOM,0.538472415
ROLLS-ROYCE,PHANTOM COUPE,0.538472415
ROLLS-ROYCE,PHANTOM DROPHEAD COUPE,0.538472415
ROLLS-ROYCE,PHANTOM EWB,0.538472415
ROLLS-ROYCE,WRAITH,0.491887016
SCION,FR-S,0.264440652
SCION,iQ,0.195932711
SCION,tC,0.283622875
SCION,xB,0.31239621
SCION,xD,0.252109222
SMART,FORTWO CABRIOLET,0.201413346
SMART,FORTWO COUPE,0.201413346
SRT,VIPER COUPE,0.53299178
SRT,VIPER GTS COUPE,0.53299178
SUBARU,BRZ,0.268551128
SUBARU,FORESTER AWD,0.298694622
SUBARU,IMPREZA AWD,0.245258428
SUBARU,IMPREZA WAGON AWD,0.245258428
SUBARU,LEGACY AWD,0.271291446
SUBARU,OUTBACK AWD,0.283622875
SUBARU,TRIBECA AWD,0.412417804
SUBARU,XV CROSSTREK AWD,0.268551128
SUBARU,XV CROSSTREK HYBRID AWD,0.242518111
TOYOTA,4RUNNER (Part-Time 4WD),0.406937169
TOYOTA,4RUNNER 4WD,0.406937169
TOYOTA,AVALON,0.302805099
TOYOTA,CAMRY,0.258960017
TOYOTA,CAMRY HYBRID LE,0.179490805
TOYOTA,CAMRY HYBRID XLE/SE,0.189081917
TOYOTA,COROLLA,0.242518111
TOYOTA,COROLLA LE ECO (1-mode),0.213744776
TOYOTA,COROLLA LE ECO (2-mode),0.217855252
TOYOTA,COROLLA MATRIX,0.268551128
TOYOTA,FJ CRUISER 4WD,0.406937169
TOYOTA,HIGHLANDER,0.32472764
TOYOTA,HIGHLANDER AWD,0.361721928
TOYOTA,HIGHLANDER HYBRID AWD,0.261700334
TOYOTA,HIGHLANDER HYBRID AWD LE,0.258960017
TOYOTA,PRIUS,0.15071747
TOYOTA,PRIUS c,0.147977152
TOYOTA,PRIUS v,0.172640011
TOYOTA,RAV4,0.280882558
TOYOTA,RAV4 AWD,0.295954305
TOYOTA,RAV4 LIMITED AWD,0.298694622
TOYOTA,SEQUOIA 4WD,0.526140986
TOYOTA,SIENNA,0.356241293
TOYOTA,SIENNA AWD,0.390495263
TOYOTA,TACOMA,0.343909863
TOYOTA,TACOMA 4WD,0.375423516
TOYOTA,TUNDRA,0.424749234
TOYOTA,TUNDRA 4WD,0.47544511
TOYOTA,VENZA,0.315136528
TOYOTA,VENZA 4WD,0.321987322
TOYOTA,YARIS,0.230186681
VOLKSWAGEN,BEETLE,0.268551128
VOLKSWAGEN,BEETLE TDI (modified),0.274031764
VOLKSWAGEN,BEETLE CONVERTIBLE,0.274031764
VOLKSWAGEN,CC,0.305545416
VOLKSWAGEN,CC 4MOTION,0.387754945
VOLKSWAGEN,EOS,0.302805099
VOLKSWAGEN,GOLF WAGON,0.298694622
VOLKSWAGEN,GOLF WAGON TDI (modified),0.271291446
VOLKSWAGEN,JETTA,0.258960017
VOLKSWAGEN,JETTA TDI (modified),0.271291446
VOLKSWAGEN,JETTA GLI,0.283622875
VOLKSWAGEN,JETTA TURBO HYBRID,0.169899693
VOLKSWAGEN,PASSAT,0.271291446
VOLKSWAGEN,PASSAT TDI (modified),0.246628587
VOLKSWAGEN,ROUTAN,0.380904151
VOLKSWAGEN,TIGUAN,0.337059069
VOLKSWAGEN,TIGUAN 4MOTION,0.337059069
VOLKSWAGEN,TOUAREG,0.40556701
VOLKSWAGEN,TOUAREG TDI (modified),0.379533993
VOLVO,S60,0.305545416
VOLVO,S60 AWD,0.317876846
VOLVO,S80,0.321987322
VOLVO,S80 AWD,0.361721928
VOLVO,XC60,0.353500975
VOLVO,XC60 AWD,0.37131304
VOLVO,XC70 AWD,0.37131304
VOLVO,XC90 AWD,0.402826692
ACURA,MDX SH-AWD,0.349390499
ACURA,RLX HYBRID,0.242518111
ACURA,TLX,0.261700334
ACURA,TLX SH-AWD,0.302805099
ASTON MARTIN,RAPIDE S,0.448041933
ASTON MARTIN,V12 VANTAGE S,0.519290192
ASTON MARTIN,VANTAGE GT,0.46311368
AUDI,A3,0.274031764
AUDI,A3 TDI (modified),0.242518111
AUDI,A3 QUATTRO,0.271291446
AUDI,A3 CABRIOLET QUATTRO,0.280882558
AUDI,A4 ALLROAD QUATTRO,0.31239621
AUDI,Q3,0.32472764
AUDI,Q3 QUATTRO,0.32472764
AUDI,S3,0.283622875
BENTLEY,CONTINENTAL GT CONVERTIBLE,0.461743522
BENTLEY,CONTINENTAL GT3-R,0.448041933
BMW,228i CABRIOLET,0.280882558
BMW,228i COUPE,0.264440652
BMW,228i xDRIVE CABRIOLET,0.286363193
BMW,228i xDRIVE COUPE,0.274031764
BMW,320i SEDAN,0.264440652
BMW,320i xDRIVE SEDAN,0.274031764
BMW,328d xDRIVE SEDAN,0.247998746
BMW,328i SEDAN,0.264440652
BMW,328i xDRIVE SEDAN,0.286363193
BMW,335i SEDAN,0.302805099
BMW,335i xDRIVE SEDAN,0.315136528
BMW,428i CABRIOLET,0.280882558
BMW,428i GRAN COUPE,0.280882558
BMW,428i xDRIVE CABRIOLET,0.302805099
BMW,428i xDRIVE GRAN COUPE,0.286363193
BMW,435i CABRIOLET,0.31239621
BMW,435i GRAN COUPE,0.302805099
BMW,435i xDRIVE CABRIOLET,0.32472764
BMW,435i xDRIVE GRAN COUPE,0.315136528
BMW,528i SEDAN,0.280882558
BMW,528i xDRIVE SEDAN,0.286363193
BMW,535d xDRIVE SEDAN,0.291843828
BMW,535i xDRIVE SEDAN,0.32472764
BMW,550i xDRIVE SEDAN,0.387754945
BMW,640i xDRIVE CABRIOLET,0.32472764
BMW,740Ld xDRIVE SEDAN,0.326097799
BMW,740Li xDRIVE SEDAN,0.32472764
BMW,750i xDRIVE SEDAN,0.402826692
BMW,750Li xDRIVE SEDAN,0.402826692
BMW,760Li SEDAN,0.487776539
BMW,ALPINA B6 xDRIVE GRAN COUPE,0.402826692
BMW,M235i CABRIOLET,0.321987322
BMW,M235i COUPE,0.321987322
BMW,M235i xDRIVE COUPE,0.315136528
BMW,M3 SEDAN,0.380904151
BMW,M4 CABRIOLET,0.380904151
BMW,M4 COUPE,0.380904151
BMW,M5 SEDAN,0.46311368
BMW,M6 COUPE,0.46311368
BMW,X3 xDRIVE28d,0.291843828
BMW,X4 xDRIVE28i,0.321987322
BMW,X4 xDRIVE35i,0.343909863
BMW,X5 M,0.460373363
BMW,X5 xDRIVE35d,0.321987322
CADILLAC,CTS,0.31239621
CADILLAC,CTS AWD,0.334318752
CADILLAC,CTS Vsport,0.400086375
CADILLAC,ESCALADE 4WD,0.441191139
CADILLAC,ESCALADE ESV 4WD,0.457633045
CHEVROLET,CAMARO Z/28,0.489146698
CHEVROLET,CITY EXPRESS,0.295954305
CHEVROLET,COLORADO,0.331578434
CHEVROLET,COLORADO 4WD,0.356241293
CHEVROLET,CORVETTE Z06,0.450782251
CHEVROLET,EQUINOX FFV,0.286363193
CHEVROLET,EQUINOX AWD FFV,0.315136528
CHEVROLET,EXPRESS 2500 PASSENGER FFV,0.591908609
CHEVROLET,EXPRESS 3500 PASSENGER FFV,0.598759403
CHRYSLER,200,0.268551128
CHRYSLER,200 FFV,0.268551128
CHRYSLER,200 AWD,0.337059069
CHRYSLER,200 AWD FFV,0.337059069
DODGE,CHALLENGER SRT HELLCAT,0.46311368
DODGE,CHARGER SRT 392 HEMI,0.406937169
DODGE,CHARGER SRT HELLCAT,0.46311368
DODGE,VIPER SRT COUPE,0.497367651
FIAT,500L,0.295954305
FORD,EDGE (Start/Stop),0.308285734
FORD,EDGE SPORT AWD,0.375423516
FORD,EXPEDITION 4X4,0.448041933
FORD,EXPEDITION MAX 4X4,0.453522569
FORD,EXPLORER AWD (EcoBoost),0.409677487
FORD,T-150 WAGON,0.46311368
FORD,T-150 WAGON FFV,0.465853998
FORD,TRANSIT CONNECT VAN,0.295954305
FORD,TRANSIT CONNECT WAGON TAXI,0.327467957
GMC,CANYON,0.331578434
GMC,CANYON 4WD,0.356241293
GMC,SAVANA 2500 PASSENGER FFV,0.591908609
GMC,SAVANA 3500 PASSENGER FFV,0.598759403
GMC,TERRAIN FFV,0.286363193
GMC,YUKON DENALI 4WD,0.441191139
GMC,YUKON XL DENALI 4WD,0.457633045
HONDA,CIVIC Si,0.295954305
HONDA,CIVIC HYBRID,0.164419058
HONDA,PILOT 4WD,0.378163834
HYUNDAI,ELANTRA,0.235667317
HYUNDAI,ELANTRA COUPE,0.261700334
HYUNDAI,GENESIS AWD,0.380904151
HYUNDAI,GENESIS COUPE,0.387754945
HYUNDAI,SANTA FE AWD,0.361721928
HYUNDAI,SANTA FE SPORT AWD,0.361721928
HYUNDAI,SANTA FE ULTIMATE AWD,0.393235581
HYUNDAI,SONATA SPORT/LIMITED,0.264440652
HYUNDAI,TUCSON AWD,0.327467957
INFINITI,Q60,0.337059069
INFINITI,Q60 AWD,0.361721928
JAGUAR,F-TYPE COUPE,0.32472764
JAGUAR,F-TYPE S COUPE,0.334318752
JAGUAR,F-TYPE V8 R COUPE,0.402826692
JAGUAR,XF AWD,0.365832404
JEEP,CHEROKEE FFV,0.298694622
JEEP,CHEROKEE 4X4 FFV,0.315136528
JEEP,RENEGADE,0.276772081
JEEP,RENEGADE FFV,0.295954305
JEEP,RENEGADE 4X4,0.276772081
JEEP,WRANGLER 4X4,0.402826692
JEEP,WRANGLER UNLIMITED 4X4,0.422008916
KIA,K900,0.356241293
KIA,SEDONA SX,0.35898161
KIA,SEDONA SXL,0.39460574
KIA,SORENTO AWD,0.343909863
LAMBORGHINI,AVENTADOR ROADSTER,0.620681944
LAMBORGHINI,HURACAN,0.457633045
LAMBORGHINI,VENENO ROADSTER,0.57957718
LAND ROVER,RANGE ROVER,0.387754945
LAND ROVER,RANGE ROVER SUPERCHARGED,0.47544511
LAND ROVER,RANGE ROVER SUPERCHARGED LWB,0.47544511
LAND ROVER,RANGE ROVER SPORT,0.390495263
LAND ROVER,RANGE ROVER SPORT SUPERCHARGED,0.46311368
LEXUS,NX 200t AWD,0.302805099
LEXUS,NX 200t AWD F SPORT,0.31239621
LEXUS,NX 300h AWD,0.232926999
LEXUS,RC 350,0.334318752
LEXUS,RC 350 AWD,0.346650181
LEXUS,RC F,0.397346057
LINCOLN,MKC AWD,0.343909863
LINCOLN,NAVIGATOR 4X4,0.448041933
LINCOLN,NAVIGATOR L 4X4,0.453522569
MERCEDES-BENZ,B 250 4MATIC,0.280882558
MERCEDES-BENZ,C 300 4MATIC,0.283622875
MERCEDES-BENZ,C 400 4MATIC,0.31239621
MERCEDES-BENZ,CLA 250 4MATIC,0.276772081
MERCEDES-BENZ,CLA 45 AMG,0.286363193
MERCEDES-BENZ,CLS 400 4MATIC,0.331578434
MERCEDES-BENZ,E 400 4MATIC,0.327467957
MERCEDES-BENZ,E 400 4MATIC WAGON,0.339799387
MERCEDES-BENZ,E 400 CABRIOLET,0.315136528
MERCEDES-BENZ,E 400 COUPE,0.321987322
MERCEDES-BENZ,GLA 250 4MATIC,0.274031764
MERCEDES-BENZ,GLA 45 AMG 4MATIC,0.295954305
MERCEDES-BENZ,ML 400 4MATIC,0.378163834
MERCEDES-BENZ,S 400 4MATIC,0.339799387
MERCEDES-BENZ,S 550 4MATIC COUPE,0.387754945
MERCEDES-BENZ,S 600,0.469964475
MERCEDES-BENZ,S 63 AMG COUPE,0.416528281
MERCEDES-BENZ,S 65 AMG,0.489146698
MERCEDES-BENZ,S 65 AMG COUPE,0.472704792
MERCEDES-BENZ,SLS AMG GT ROADSTER,0.491887016
MINI,COOPER 3 DOOR,0.235667317
MINI,COOPER 5 DOOR,0.235667317
MINI,COOPER S 3 DOOR,0.258960017
MINI,COOPER S 5 DOOR,0.258960017
MINI,JOHN COOPER WORKS,0.264440652
NISSAN,370Z COUPE,0.349390499
NISSAN,JUKE NISMO RS,0.261700334
NISSAN,JUKE NISMO RS AWD,0.276772081
NISSAN,MICRA,0.245258428
NISSAN,MURANO,0.308285734
NISSAN,PATHFINDER 4WD PLATINUM,0.346650181
PORSCHE,911 CARRERA 4 GTS,0.349390499
PORSCHE,911 CARRERA 4 GTS CABRIOLET,0.35898161
PORSCHE,911 CARRERA GTS,0.346650181
PORSCHE,911 CARRERA GTS CABRIOLET,0.349390499
PORSCHE,911 TARGA 4,0.339799387
PORSCHE,911 TARGA 4S,0.353500975
PORSCHE,BOXSTER GTS,0.298694622
PORSCHE,CAYMAN GTS,0.298694622
PORSCHE,MACAN S,0.385014628
PORSCHE,MACAN TURBO,0.387754945
PORSCHE,PANAMERA TURBO S,0.402826692
PORSCHE,PANAMERA TURBO S EXECUTIVE,0.406937169
RAM,1500,0.375423516
RAM,1500 ECODIESEL,0.374053357
RAM,1500 ECODIESEL HFE,0.363092087
RAM,1500 4X4,0.397346057
RAM,1500 4X4 ECODIESEL,0.391865422
RAM,PROMASTER CITY,0.308285734
SUBARU,WRX,0.349390499
TOYOTA,4RUNNER 4WD (Part-Time 4WD),0.402826692
TOYOTA,RAV4 LE/XLE,0.280882558
VOLKSWAGEN,GOLF,0.25484954
VOLKSWAGEN,GOLF TDI (modified),0.242518111
VOLKSWAGEN,GOLF GTI,0.268551128
VOLKSWAGEN,GOLF SPORTWAGON,0.264440652
VOLKSWAGEN,GOLF SPORTWAGON TDI (modified),0.246628587
VOLKSWAGEN,JETTA HYBRID,0.167159376
VOLVO,S60 POLESTAR AWD,0.346650181
VOLVO,S60 T5 ,0.264440652
VOLVO,S60 T5 AWD,0.317876846
VOLVO,S60 T6   ,0.280882558
VOLVO,S60 T6 AWD,0.353500975
VOLVO,S80 T5,0.264440652
VOLVO,S80 T6 AWD,0.353500975
VOLVO,V60 CC,0.276772081
VOLVO,V60 CC AWD,0.32472764
VOLVO,V60 POLESTAR AWD,0.346650181
VOLVO,V60 T5,0.264440652
VOLVO,V60 T5 AWD,0.317876846
VOLVO,V60 T6 AWD,0.353500975
VOLVO,XC60 3.2 AWD,0.361721928
VOLVO,XC60 T5,0.276772081
VOLVO,XC60 T5 AWD,0.35898161
VOLVO,XC60 T6  ,0.295954305
VOLVO,XC60 T6 AWD,0.375423516
VOLVO,XC70 3.2 AWD,0.356241293
VOLVO,XC70 T5,0.276772081
VOLVO,XC70 T6 AWD,0.375423516
ACURA,MDX SH-AWD ELITE,0.343909863
ASTON MARTIN,DB9 GT,0.500107969
AUDI,A8 QUATTRO,0.338429228
AUDI,A8 QUATTRO TDI (modified),0.306915575
AUDI,A8L QUATTRO,0.349390499
AUDI,Q5 QUATTRO,0.334318752
AUDI,Q5 QUATTRO TDI (modified),0.334318752
AUDI,Q5 HYBRID QUATTRO,0.286363193
AUDI,RS 7 QUATTRO,0.42885971
AUDI,S3 QUATTRO,0.289103511
AUDI,S4 QUATTRO,0.352130816
AUDI,S5 QUATTRO,0.352130816
AUDI,S5 CABRIOLET QUATTRO,0.364462246
AUDI,S6 QUATTRO,0.360351769
AUDI,S7 QUATTRO,0.363092087
AUDI,S8 QUATTRO,0.411047645
AUDI,SQ5 QUATTRO,0.390495263
BMW,228i,0.269921287
BMW,228i xDRIVE,0.283622875
BMW,340i,0.297324463
BMW,340i xDRIVE,0.295954305
BMW,M2,0.334318752
BMW,M235i,0.317876846
BMW,M235i xDRIVE,0.326097799
BMW,M235i xDRIVE CABRIOLET,0.326097799
BMW,M3,0.389125104
BMW,X4 M40i,0.361721928
BUICK,ENCORE SPORT TOURING,0.249368905
BUICK,ENCORE SPORT TOURING AWD,0.263070493
BUICK,ENVISION AWD,0.339799387
BUICK,LACROSSE FFV,0.367202563
BUICK,LACROSSE AWD FFV,0.375423516
CADILLAC,ATS-V,0.401456534
CADILLAC,CT6,0.304175258
CADILLAC,CT6 AWD,0.360351769
CADILLAC,CTS-V,0.454892728
CHEVROLET,CRUZE PREMIER,0.219225411
CHEVROLET,CRUZE LIMITED,0.252109222
CHEVROLET,CRUZE LIMITED ECO,0.247998746
CHEVROLET,IMPALA FFV,0.339799387
CHEVROLET,IMPALA DUAL FUEL,0.372683198
CHEVROLET,MALIBU LIMITED,0.276772081
CHEVROLET,MALIBU HYBRID,0.167159376
CHEVROLET,SILVERADO FFV,0.383644469
CHEVROLET,SILVERADO 4WD FFV,0.40556701
CHEVROLET,SILVERADO eASSIST 4WD,0.416528281
CHEVROLET,SUBURBAN FFV,0.416528281
CHEVROLET,SUBURBAN 4WD FFV,0.427489551
CHEVROLET,TAHOE FFV,0.416528281
CHEVROLET,TAHOE 4WD FFV,0.424749234
CHEVROLET,TRAX 4WD,0.280882558
DODGE,DURANGO AWD,0.363092087
DODGE,VIPER SRT,0.49873781
FIAT,500X,0.265810811
FIAT,500X AWD,0.306915575
FORD,EXPEDITION EL 4X4,0.46311368
FORD,F-150 (Payload Pkg),0.360351769
FORD,F-150 FFV (Payload Pkg),0.467224157
FORD,F-150 4X4 (Payload Pkg),0.39460574
FORD,F-150 FFV 4X4 (Payload Pkg),0.47544511
FORD,FLEX AWD GTDI,0.441191139
FORD,FOCUS RS AWD,0.349390499
FORD,FOCUS ST,0.297324463
FORD,SHELBY GT350 MUSTANG,0.457633045
FORD,TRANSIT CONNECT VAN FFV,0.332948593
FORD,TRANSIT CONNECT WAGON FFV,0.345280022
FORD,TRANSIT CONNECT WAGON LWB,0.345280022
FORD,TRANSIT CONNECT WAGON LWB FFV,0.345280022
GMC,SIERRA FFV,0.383644469
GMC,SIERRA 4WD FFV,0.40556701
GMC,SIERRA eASSIST 4WD,0.416528281
GMC,YUKON FFV,0.416528281
GMC,YUKON 4WD FFV,0.424749234
GMC,YUKON XL FFV,0.416528281
GMC,YUKON XL 4WD FFV,0.427489551
HONDA,ACCORD COUPE,0.305545416
HONDA,ACCORD SEDAN,0.242518111
HONDA,ACCORD SPORT,0.256219699
HONDA,CIVIC COUPE,0.212374617
HONDA,CIVIC SEDAN,0.215114934
HONDA,HR-V,0.242518111
HONDA,HR-V AWD,0.260330175
INFINITI,Q50S AWD,0.35898161
INFINITI,Q50S RED SPORT,0.338429228
INFINITI,Q50S RED SPORT AWD,0.350760657
JAGUAR,F-TYPE PROJECT 7 CONVERTIBLE,0.413787963
JAGUAR,F-TYPE R AWD CONVERTIBLE,0.426119392
JAGUAR,F-TYPE R AWD COUPE,0.426119392
JAGUAR,F-TYPE S CONVERTIBLE AWD,0.361721928
JAGUAR,F-TYPE S COUPE AWD,0.361721928
JAGUAR,XF AWD ,0.330208275
JAGUAR,XJ R-SPORT 3.0 AWD,0.376793675
JAGUAR,XJL 3.0 AWD PORTFOLIO,0.38227431
JEEP,GRAND CHEROKEE 4X4,0.363092087
LAMBORGHINI,HURACAN SPYDER,0.465853998
LAND ROVER,DISCOVERY SPORT,0.339799387
LAND ROVER,RANGE ROVER TD6 DIESEL,0.34802034
LAND ROVER,RANGE ROVER SPORT TD6 DIESEL,0.34802034
LEXUS,GS 200t,0.290473669
LEXUS,GS 200t F SPORT,0.311026052
LEXUS,GS 350 F SPORT,0.343909863
LEXUS,GS F,0.401456534
LEXUS,IS 200t,0.290473669
LEXUS,IS 300 AWD,0.353500975
LEXUS,RC 200t,0.293213987
LEXUS,RC 300 AWD,0.353500975
MASERATI,GHIBLI S,0.401456534
MASERATI,GHIBLI SQ4,0.404196851
MASERATI,QUATTROPORTE S,0.411047645
MAZDA,CX-3,0.245258428
MAZDA,CX-3 4WD,0.258960017
MAZDA,CX-5 (SIL),0.257589858
MAZDA,MAZDA6 (SIL),0.257589858
MAZDA,MX-5 (SIL),0.250739064
MERCEDES-BENZ,AMG C 63,0.367202563
MERCEDES-BENZ,AMG C 63 S,0.367202563
MERCEDES-BENZ,AMG CLA 45,0.293213987
MERCEDES-BENZ,AMG CLS 63 S 4MATIC,0.422008916
MERCEDES-BENZ,AMG E 63 S 4MATIC,0.424749234
MERCEDES-BENZ,AMG E 63 S 4MATIC WAGON,0.424749234
MERCEDES-BENZ,AMG G 63,0.571356227
MERCEDES-BENZ,AMG G 65,0.652195597
MERCEDES-BENZ,AMG GL 63 S,0.505588604
MERCEDES-BENZ,AMG GLA 45,0.295954305
MERCEDES-BENZ,AMG GLE 63 S 4MATIC,0.501478127
MERCEDES-BENZ,AMG GLE 63 S COUPE 4MATIC,0.497367651
MERCEDES-BENZ,AMG GT S,0.415158122
MERCEDES-BENZ,AMG S 63,0.42885971
MERCEDES-BENZ,AMG S 63 COUPE,0.42885971
MERCEDES-BENZ,AMG S 65,0.494627333
MERCEDES-BENZ,AMG S 65 COUPE,0.48640638
MERCEDES-BENZ,AMG SL 63,0.408307328
MERCEDES-BENZ,AMG SL 65,0.459003204
MERCEDES-BENZ,AMG SLK 55,0.345280022
MERCEDES-BENZ,C 450 AMG SPORT 4MATIC,0.316506687
MERCEDES-BENZ,CLA 250 4MATIC FFV,0.271291446
MERCEDES-BENZ,E 400 4MATIC COUPE,0.327467957
MERCEDES-BENZ,GLE 350d 4MATIC,0.337059069
MERCEDES-BENZ,GLE 350d 4MATIC COUPE,0.346650181
MERCEDES-BENZ,GLE 400 4MATIC,0.386384787
MERCEDES-BENZ,GLE 450 AMG SPORT 4MATIC COUPE,0.385014628
MERCEDES-BENZ,GLE 550 4MATIC,0.459003204
MERCEDES-BENZ,MAYBACH S 600,0.491887016
MERCEDES-BENZ,METRIS CARGO,0.319247005
MERCEDES-BENZ,METRIS PASSENGER,0.339799387
MERCEDES-BENZ,S 400 4MATIC SWB,0.346650181
MERCEDES-BENZ,SLK 300,0.272661605
MITSUBISHI,LANCER 4WD,0.287733352
NISSAN,ALTIMA 3.5,0.290473669
NISSAN,ALTIMA SR,0.247998746
PORSCHE,911 GT3RS,0.457633045
PORSCHE,BOXSTER SPYDER,0.372683198
PORSCHE,CAYMAN GT4,0.379533993
SCION,iM,0.237037475
TOYOTA,RAV4 HYBRID AWD,0.23155684
TOYOTA,RAV4 LIMITED/SE AWD,0.30143494
TOYOTA,TACOMA 4WD D-CAB OFF-ROAD,0.411047645
TOYOTA,YARIS (SIL),0.215114934
TOYOTA,YARIS HATCHBACK,0.232926999
VOLKSWAGEN,BEETLE DUNE,0.27814224
VOLKSWAGEN,GOLF R,0.295954305
VOLVO,S60 CC T5 AWD,0.327467957
VOLVO,S60 INSCRIPTION,0.264440652
VOLVO,S60 INSCRIPTION T5 AWD,0.319247005
VOLVO,S60 T5,0.264440652
VOLVO,S60 T6,0.298694622
VOLVO,S60 3.0T AWD,0.354871134
VOLVO,S60 POLESTAR,0.354871134
VOLVO,V60 CC T5 AWD,0.327467957
VOLVO,V60 3.0T AWD,0.354871134
VOLVO,V60 POLESTAR,0.354871134
VOLVO,XC60 T6,0.309655893
VOLVO,XC60 3.0T AWD,0.378163834
VOLVO,XC70 T5 AWD,0.34802034
VOLVO,XC90 T5,0.317876846
VOLVO,XC90 T5 AWD,0.327467957
VOLVO,XC90 T6 AWD,0.338429228
ACURA,MDX HYBRID AWD,0.287733352
ACURA,NSX,0.357611451
ALFA ROMEO,4C SPIDER,0.269921287
ALFA ROMEO,GIULIA,0.280882558
ALFA ROMEO,GIULIA AWD,0.297324463
ALFA ROMEO,GIULIA QUADRIFOGLIO,0.383644469
ASTON MARTIN,DB11 V12,0.441191139
AUDI,A4 ULTRA,0.242518111
BENTLEY,BENTAYGA,0.506958763
BENTLEY,MULSANNE EWB,0.589168292
BMW,230i CABRIOLET,0.283622875
BMW,230i COUPE,0.269921287
BMW,230i xDRIVE CABRIOLET,0.291843828
BMW,230i xDRIVE COUPE,0.287733352
BMW,330i xDRIVE,0.291843828
BMW,330i xDRIVE GRAN TURISMO,0.291843828
BMW,330i xDRIVE TOURING,0.291843828
BMW,340i xDRIVE GRAN TURISMO,0.326097799
BMW,430i xDRIVE CABRIOLET,0.289103511
BMW,430i xDRIVE COUPE,0.291843828
BMW,430i xDRIVE GRAN COUPE,0.291843828
BMW,440i COUPE,0.306915575
BMW,440i xDRIVE CABRIOLET,0.326097799
BMW,440i xDRIVE COUPE,0.31239621
BMW,440i xDRIVE GRAN COUPE,0.31239621
BMW,530i xDRIVE,0.291843828
BMW,540i xDRIVE,0.31239621
BMW,ALPINA B7 xDRIVE,0.400086375
BMW,M240i CABRIOLET,0.306915575
BMW,M240i COUPE,0.306915575
BMW,M240i xDRIVE CABRIOLET,0.31239621
BMW,M240i xDRIVE COUPE,0.31239621
BMW,M760i xDRIVE,0.48640638
BUICK,ENCORE (LUV Engine),0.265810811
BUICK,ENCORE (LE2 Engine),0.253479381
BUICK,ENCORE AWD (LUV Engine),0.284993034
BUICK,ENCORE AWD (LE2 Engine),0.268551128
CADILLAC,XT5,0.33568891
CADILLAC,XT5 AWD,0.356241293
CHEVROLET,COLORADO ZR2 4WD,0.431600028
CHEVROLET,CRUZE HATCHBACK,0.235667317
CHEVROLET,CRUZE HATCHBACK PREMIER,0.241147952
CHRYSLER,PACIFICA,0.352130816
CHRYSLER,PACIFICA (Stop-Start),0.341169546
DODGE,CHALLENGER GT,0.353500975
DODGE,VIPER,0.530251463
FIAT,124 SPIDER,0.256219699
FORD,ESCAPE FFV,0.313766369
FORD,F-150 (LT Tire Pkg),0.360351769
FORD,F-150 4X4 (LT Tire Pkg),0.401456534
FORD,F-150 FFV 4X4 (LT Tire Pkg),0.45215241
FORD,FOCUS (Start/Stop),0.241147952
FORD,GT,0.55628448
FORD,MUSTANG (Performance Pkg),0.327467957
GENESIS,G80 AWD,0.391865422
GENESIS,G90 AWD,0.38227431
HONDA,CIVIC HATCHBACK,0.221965728
HYUNDAI,IONIQ,0.141126358
HYUNDAI,IONIQ BLUE,0.131535247
HYUNDAI,SONATA HYBRID SE,0.187711758
INFINITI,Q60S RED SPORT AWD,0.354871134
INFINITI,QX30,0.274031764
INFINITI,QX30 AWD,0.302805099
JAGUAR,F-PACE 35t,0.379533993
JAGUAR,F-TYPE R CONVERTIBLE AWD,0.426119392
JAGUAR,F-TYPE R COUPE AWD,0.426119392
JAGUAR,XE 20d AWD,0.25484954
JAGUAR,XE 35t AWD,0.326097799
JAGUAR,XF 20d AWD,0.25484954
JAGUAR,XF 35t AWD,0.332948593
JAGUAR,XJL PORTFOLIO 3.0 AWD,0.383644469
JAGUAR,XJR  LWB,0.42885971
JEEP,CHEROKEE 4X4 ACTIVE DRIVE I,0.321987322
JEEP,CHEROKEE 4X4 ACTIVE DRIVE LOCK,0.350760657
JEEP,GRAND CHEROKEE SRT8,0.504218445
JEEP,NEW COMPASS,0.298694622
JEEP,NEW COMPASS 4X4,0.304175258
KIA,FORTE (MPI),0.232926999
KIA,FORTE (GDI),0.271291446
KIA,NIRO,0.156198105
KIA,NIRO FE,0.15071747
KIA,NIRO TOURING,0.176750488
KIA,OPTIMA FE,0.260330175
KIA,OPTIMA TURBO,0.306915575
KIA,SORENTO AWD FE,0.369942881
KIA,SOUL TURBO,0.272661605
LAMBORGHINI,AVENTADOR COUPE LP 740,0.631643215
LAMBORGHINI,AVENTADOR ROADSTER LP 740,0.631643215
LAND ROVER,RANGE ROVER EVOQUE CONVERTIBLE,0.332948593
LINCOLN,CONTINENTAL AWD,0.385014628
LINCOLN,MKC AWD (Start/Stop),0.34802034
MASERATI,LEVANTE,0.465853998
MASERATI,LEVANTE S,0.474074951
MERCEDES-BENZ,AMG C 63 CABRIOLET,0.398716216
MERCEDES-BENZ,AMG C 63 COUPE,0.390495263
MERCEDES-BENZ,AMG C 63 S CABRIOLET,0.398716216
MERCEDES-BENZ,AMG C 63 S COUPE,0.390495263
MERCEDES-BENZ,AMG GLA 45 4MATIC,0.319247005
MERCEDES-BENZ,AMG GLC 43 4MATIC COUPE,0.483666063
MERCEDES-BENZ,AMG GLE 43 4MATIC,0.385014628
MERCEDES-BENZ,AMG GLE 43 4MATIC COUPE,0.385014628
MERCEDES-BENZ,AMG GLE 63 S 4MATIC COUPE,0.497367651
MERCEDES-BENZ,AMG GLS 63,0.505588604
MERCEDES-BENZ,AMG GT COUPE,0.415158122
MERCEDES-BENZ,AMG GT S COUPE,0.415158122
MERCEDES-BENZ,AMG S 63 4MATIC,0.42885971
MERCEDES-BENZ,AMG S 63 CABRIOLET,0.441191139
MERCEDES-BENZ,AMG S 65 CABRIOLET,0.476815269
MERCEDES-BENZ,AMG SLC 43,0.320617163
MERCEDES-BENZ,C 300 4MATIC CABRIOLET,0.304175258
MERCEDES-BENZ,C 300 4MATIC COUPE,0.298694622
MERCEDES-BENZ,GLC 300 4MATIC,0.319247005
MERCEDES-BENZ,GLS 450 4MATIC,0.419268598
MERCEDES-BENZ,GLS 550 4MATIC,0.47544511
MERCEDES-BENZ,S 550 4MATIC CABRIOLET,0.378163834
MERCEDES-BENZ,SL 450,0.32472764
MERCEDES-BENZ,SLC 300,0.274031764
MINI,COOPER CLUBMAN ALL4,0.291843828
MINI,COOPER COUNTRYMAN ALL4,0.294584146
MINI,COOPER S CLUBMAN ALL4,0.287733352
MINI,COOPER S COUNTRYMAN  ALL4,0.291843828
MINI,JOHN COOPER WORKS 3 DOOR,0.268551128
MINI,JOHN COOPER WORKS CLUBMAN ALL4,0.287733352
MITSUBISHI,MIRAGE G4,0.204153664
NISSAN,QASHQAI,0.261700334
NISSAN,QASHQAI AWD,0.269921287
NISSAN,SENTRA (Turbo),0.264440652
NISSAN,SENTRA NISMO,0.280882558
NISSAN,TITAN 4WD PRO-4X,0.456262886
PORSCHE,CAYENNE PLATINUM,0.385014628
PORSCHE,MACAN,0.339799387
PORSCHE,MACAN GTS,0.393235581
ROLLS-ROYCE,DAWN,0.534361939
SUBARU,CROSSTREK AWD,0.264440652
SUBARU,IMPREZA 4-DOOR AWD,0.238407634
SUBARU,IMPREZA 5-DOOR AWD,0.241147952
SUBARU,WRX AWD,0.349390499
TOYOTA,86,0.279512399
TOYOTA,COROLLA iM,0.241147952
TOYOTA,HIGHLANDER AWD (Start/Stop System),0.338429228
TOYOTA,HIGHLANDER AWD LE,0.331578434
VOLKSWAGEN,GOLF ALLTRACK,0.30143494
VOLKSWAGEN,GOLF SPORTWAGEN,0.263070493
VOLKSWAGEN,GOLF SPORTWAGEN 4MOTION,0.30143494
VOLVO,S60 INSCRIPTION T5,0.271291446
VOLVO,S90 T5,0.279512399
VOLVO,S90 T6 AWD,0.300064781
VOLVO,V90 T5,0.279512399
VOLVO,V90 T6 AWD,0.300064781
VOLVO,V90 CC T6 AWD,0.302805099
ACURA,TLX A-SPEC,0.286363193
ACURA,TLX SH-AWD A-SPEC,0.328838116
ALFA ROMEO,4C COUPE,0.269921287
ALFA ROMEO,STELVIO AWD,0.309655893
ALFA ROMEO,STELVIO QUADRIFOGLIO,0.400086375
ASTON MARTIN,DB11 V8,0.37131304
AUDI,A5 SPORTBACK QUATTRO,0.27814224
AUDI,R8 QUATTRO,0.46311368
AUDI,RS 3,0.339799387
AUDI,S5 SPORTBACK,0.317876846
AUDI,TT RS,0.33568891
AUDI,TTS COUPE,0.304175258
BENTLEY,CONTINENTAL SUPERSPORTS,0.53299178
BMW,640i xDRIVE GRAN TURISMO,0.330208275
BMW,750i xDRIVE SWB,0.387754945
BMW,M550i xDRIVE,0.387754945
BMW,X2 xDRIVE28i,0.304175258
BMW,X3 xDRIVE30i,0.305545416
BMW,X3 M40i,0.330208275
BUGATTI,CHIRON,0.715222903
BUICK,ENCORE (SIDI with Stop/Start),0.253479381
BUICK,ENCORE AWD (SIDI with Stop/Start),0.268551128
CHEVROLET,CRUZE HATCHBACK DIESEL,0.24388827
CHEVROLET,SILVERADO eASSIST,0.380904151
DODGE,CHALLENGER GT AWD,0.353500975
DODGE,CHALLENGER GT AWD FFV,0.353500975
DODGE,CHALLENGER SRT DEMON,0.464483839
DODGE,DURANGO AWD SRT,0.497367651
FIAT,500,0.276772081
FIAT,500 ABARTH,0.276772081
FORD,ECOSPORT,0.267180969
FORD,ECOSPORT AWD,0.297324463
FORD,F-150 FFV (LT Tire Pkg),0.360351769
FORD,F-150 4X4 XL/XLT,0.364462246
FORD,F-150 RAPTOR 4WD,0.464483839
GMC,SIERRA eASSIST,0.380904151
HONDA,ACCORD SPORT/TOURING,0.289103511
HONDA,CIVIC COUPE Si,0.237037475
HONDA,CIVIC HATCHBACK SPORT,0.232926999
HONDA,CIVIC SEDAN Si,0.237037475
HONDA,CIVIC TYPE R,0.306915575
HONDA,ODYSSEY TOURING,0.338429228
HYUNDAI,KONA,0.25484954
HYUNDAI,KONA AWD,0.275401922
HYUNDAI,SANTA FE SPORT ULTIMATE AWD,0.361721928
INFINITI,Q50 AWD RED SPORT,0.356241293
INFINITI,Q60 AWD RED SPORT,0.354871134
JAGUAR,F-PACE 20d,0.298694622
JAGUAR,F-PACE 25t,0.311026052
JAGUAR,F-TYPE CONVERTIBLE R-DYNAMIC,0.346650181
JAGUAR,F-TYPE CONVERTIBLE R-DYNAMIC AWD,0.363092087
JAGUAR,F-TYPE COUPE R-DYNAMIC,0.346650181
JAGUAR,F-TYPE COUPE R-DYNAMIC AWD,0.363092087
JAGUAR,XE 25t AWD,0.274031764
JAGUAR,XF 25t AWD,0.283622875
JAGUAR,XJ R-SPORT AWD,0.378163834
JAGUAR,XJL PORTFOLIO AWD,0.383644469
JEEP,CHEROKEE 4X4 ACTIVE DRIVE I FFV,0.321987322
JEEP,GRAND CHEROKEE 4X4 SRT,0.504218445
JEEP,GRAND CHEROKEE 4X4 TRACKHAWK,0.565875592
JEEP,NEW WRANGLER 4X4,0.319247005
JEEP,NEW WRANGLER UNLIMITED 4X4,0.33568891
JEEP,WRANGLER JK 4X4,0.409677487
JEEP,WRANGLER JK UNLIMITED 4X4,0.42885971
KIA,STINGER AWD,0.363092087
LAMBORGHINI,AVENTADOR S COUPE,0.622052103
LAMBORGHINI,AVENTADOR S ROADSTER,0.635753691
LAMBORGHINI,HURACAN AWD,0.478185427
LAMBORGHINI,HURACAN SPYDER AWD,0.479555586
LAND ROVER,RANGE ROVER VELAR,0.313766369
LEXUS,IS 300,0.293213987
LEXUS,LC 500,0.391865422
LEXUS,LC 500h,0.256219699
LEXUS,LS 500,0.328838116
LEXUS,LS 500 AWD,0.354871134
LEXUS,LS 500h,0.267180969
LEXUS,LS 500h AWD,0.289103511
LEXUS,NX 300 AWD,0.309655893
LEXUS,NX 300 AWD F SPORT,0.317876846
LEXUS,RX 350 L AWD,0.367202563
MAZDA,CX-5 ,0.282252716
MAZDA,CX-5 (Cylinder Deactivation),0.275401922
MAZDA,CX-5 4WD (Cylinder Deactivation),0.284993034
MAZDA,MAZDA6 TURBO,0.284993034
MERCEDES-BENZ,AMG C 43 4MATIC,0.334318752
MERCEDES-BENZ,AMG C 43 4MATIC CABRIOLET,0.350760657
MERCEDES-BENZ,AMG C 43 4MATIC COUPE,0.33568891
MERCEDES-BENZ,AMG CLA 45 4MATIC,0.297324463
MERCEDES-BENZ,AMG E 43 4MATIC,0.353500975
MERCEDES-BENZ,AMG GLC 43 4MATIC,0.379533993
MERCEDES-BENZ,AMG GLS 63 4MATIC,0.502848286
MERCEDES-BENZ,AMG GT ROADSTER,0.416528281
MERCEDES-BENZ,AMG GT C COUPE,0.441191139
MERCEDES-BENZ,AMG GT C ROADSTER,0.441191139
MERCEDES-BENZ,AMG GT R COUPE,0.443931457
MERCEDES-BENZ,AMG S 63 4MATIC CABRIOLET,0.419268598
MERCEDES-BENZ,AMG S 63 4MATIC COUPE,0.37131304
MERCEDES-BENZ,C 300 4MATIC WAGON,0.304175258
MERCEDES-BENZ,E 400 4MATIC CABRIOLET,0.343909863
MERCEDES-BENZ,GLC 300 4MATIC COUPE,0.321987322
MERCEDES-BENZ,MAYBACH S 650,0.48640638
MERCEDES-BENZ,S 450 4MATIC SWB,0.349390499
MERCEDES-BENZ,S 560 CABRIOLET,0.378163834
MERCEDES-BENZ,S 560 4MATIC,0.363092087
MERCEDES-BENZ,S 560 4MATIC SWB,0.357611451
MERCEDES-BENZ,S 560 4MATIC COUPE,0.368572722
MITSUBISHI,ECLIPSE CROSS,0.284993034
MITSUBISHI,ECLIPSE CROSS 4WD,0.295954305
NISSAN,KICKS,0.23155684
PORSCHE,911 TARGA 4 GTS,0.343909863
PORSCHE,911 TURBO S EXCLUSIVE,0.390495263
PORSCHE,MACAN TURBO KIT,0.391865422
PORSCHE,PANAMERA 4 EXECUTIVE,0.321987322
PORSCHE,PANAMERA 4 ST,0.331578434
PORSCHE,PANAMERA 4S ST,0.341169546
PORSCHE,PANAMERA TURBO ST,0.38227431
SUBARU,BRZ tS,0.327467957
SUBARU,WRX STI AWD,0.398716216
SUBARU,WRX STI AWD TYPE RA,0.40556701
TOYOTA,CAMRY LE/SE,0.235667317
TOYOTA,CAMRY XLE/XSE,0.237037475
TOYOTA,CAMRY XSE,0.294584146
TOYOTA,C-HR,0.258960017
VOLKSWAGEN,ATLAS,0.319247005
VOLKSWAGEN,ATLAS 4MOTION,0.386384787
VOLKSWAGEN,BEETLE DUNE CONVERTIBLE,0.258960017
VOLVO,S90 T5 AWD,0.282252716
VOLVO,V90 CC T5 AWD,0.293213987
ACURA,MDX SH-AWD A-SPEC,0.353500975
ACURA,RDX AWD A-SPEC,0.331578434
ALFA ROMEO,Stelvio,0.298694622
ALFA ROMEO,Stelvio AWD Quadrifoglio,0.400086375
ASTON MARTIN,DB11 AMR,0.427489551
ASTON MARTIN,DBS Superleggera,0.443931457
ASTON MARTIN,Rapide AMR,0.454892728
ASTON MARTIN,Vanquish Zagato,0.474074951
ASTON MARTIN,Vantage V8,0.361721928
AUDI,Q8,0.402826692
AUDI,RS 5 Coupe,0.35898161
AUDI,RS 5 Sportback,0.367202563
AUDI,TT RS Coupe,0.330208275
BMW,M2 Competition,0.402826692
BMW,M240i Coupe M Performance,0.311026052
BMW,M240i xDrive Coupe M Performance,0.313766369
BMW,M4 Cabriolet Competition,0.409677487
BMW,M4 Coupe Competition,0.402826692
BMW,M4 CS,0.402826692
BMW,M5 Competition,0.443931457
BMW,M760Li xDrive,0.48640638
BMW,M850i xDrive Cabriolet,0.369942881
BMW,M850i xDrive Coupe,0.368572722
BMW,X4 xDrive30i,0.305545416
BMW,X5 xDrive40i,0.33568891
BMW,X7 xDrive40i,0.34802034
BMW,X7 xDrive50i,0.402826692
CADILLAC,XT4,0.286363193
CADILLAC,XT4 AWD,0.311026052
CHEVROLET,Blazer,0.317876846
CHEVROLET,Blazer AWD,0.363092087
CHEVROLET,Corvette ZR1,0.52203051
CHEVROLET,Silverado 4WD Trail Boss,0.47544511
CHEVROLET,Silverado LD,0.434340345
CHEVROLET,Silverado LD 4WD,0.445301616
DODGE,Challenger SRT Hellcat Redeye,0.464483839
FORD,F-150 4X4 Limited,0.40556701
FORD,Mustang Bullitt,0.426119392
FORD,Ranger 4WD,0.350760657
GENESIS,G70,0.349390499
GENESIS,G70 AWD,0.330208275
GMC,Sierra 4WD AT4,0.438450822
GMC,Sierra LTD,0.434340345
GMC,Sierra LTD 4WD,0.445301616
HONDA,Insight EX,0.156198105
HONDA,Insight Touring,0.156198105
HONDA,Passport AWD,0.363092087
HYUNDAI,Santa Fe XL,0.367202563
HYUNDAI,Santa Fe XL AWD,0.378163834
HYUNDAI,Santa Fe XL Ultimate AWD,0.406937169
HYUNDAI,Sonata SE,0.260330175
HYUNDAI,Veloster N,0.309655893
JAGUAR,E-PACE P250,0.316506687
JEEP,Grand Cherokee 4X4 EcoDiesel,0.367202563
JEEP,Renegade 4X4 Trailhawk,0.315136528
JEEP,Wrangler JL 4X4,0.319247005
JEEP,Wrangler JL Unlimited 4X4,0.33568891
LAMBORGHINI,Huracan Coupe,0.501478127
LAMBORGHINI,Huracan Coupe AWD,0.506958763
LAMBORGHINI,Huracan Performante Coupe,0.506958763
LAMBORGHINI,Huracan Performante Spyder,0.506958763
LAMBORGHINI,Urus,0.526140986
LAND ROVER,Discovery,0.426119392
LAND ROVER,Discovery TD6 Diesel,0.38227431
LAND ROVER,Range Rover 3.0,0.398716216
LAND ROVER,Range Rover 5.0 Supercharged,0.417898439
LAND ROVER,Range Rover SVAutobiography LWB,0.500107969
LAND ROVER,Range Rover Sport 3.0,0.398716216
LAND ROVER,Range Rover Velar D180,0.313766369
LAND ROVER,Range Rover Velar P300,0.339799387
LAND ROVER,Range Rover Velar P380,0.374053357
LEXUS,ES 350 F SPORT,0.300064781
LEXUS,RX 450h L AWD,0.260330175
LEXUS,UX 200,0.230186681
LEXUS,UX 250h,0.178120646
LEXUS,UX 250h AWD,0.191822234
LINCOLN,Nautilus,0.342539704
MASERATI,Levante GTS,0.493257174
MASERATI,Levante Trofeo,0.493257174
MAZDA,CX-5 Turbo 4WD,0.315136528
MAZDA,CX-5 Diesel 4WD,0.311026052
MAZDA,Mazda3 4-Door (Cylinder Deactivation),0.250739064
MAZDA,Mazda3 4-Door 4WD,0.263070493
MAZDA,Mazda3 5-Door 4WD,0.279512399
MERCEDES-BENZ,A 220,0.267180969
MERCEDES-BENZ,A 220 4MATIC,0.272661605
MERCEDES-BENZ,A 250,0.263070493
MERCEDES-BENZ,A 250 4MATIC,0.275401922
MERCEDES-BENZ,AMG C 43 4MATIC Wagon,0.349390499
MERCEDES-BENZ,AMG CLS 53 4MATIC+,0.321987322
MERCEDES-BENZ,AMG E 53 4MATIC+,0.317876846
MERCEDES-BENZ,AMG E 53 4MATIC+ Cabriolet,0.33568891
MERCEDES-BENZ,AMG E 53 4MATIC+ Coupe,0.32472764
MERCEDES-BENZ,AMG E 53 4MATIC+ Wagon,0.327467957
MERCEDES-BENZ,AMG E 63 S 4MATIC+,0.435710504
MERCEDES-BENZ,AMG E 63 S 4MATIC+ Wagon,0.409677487
MERCEDES-BENZ,AMG GLC 63 S 4MATIC+,0.423379075
MERCEDES-BENZ,AMG GLC 63 S 4MATIC+ Coupe,0.423379075
MERCEDES-BENZ,AMG GT 53 4MATIC+ Coupe,0.361721928
MERCEDES-BENZ,AMG GT 63 4MATIC+ Coupe,0.442561298
MERCEDES-BENZ,AMG GT 63 S 4MATIC+ Coupe,0.443931457
MERCEDES-BENZ,AMG S 63 4MATIC+,0.376793675
MERCEDES-BENZ,AMG S 63 4MATIC+ Cabriolet,0.419268598
MERCEDES-BENZ,AMG S 63 4MATIC+ Coupe,0.37131304
MERCEDES-BENZ,CLS 450 4MATIC,0.291843828
MERCEDES-BENZ,E 450 4MATIC,0.334318752
MERCEDES-BENZ,E 450 4MATIC Cabriolet,0.37131304
MERCEDES-BENZ,E 450 4MATIC Coupe,0.352130816
MERCEDES-BENZ,E 450 4MATIC Wagon,0.34802034
MERCEDES-BENZ,Maybach S 560 4MATIC,0.391865422
MERCEDES-BENZ,Metris Cargo LWB,0.339799387
NISSAN,Altima SR/Platinum,0.260330175
NISSAN,Altima AWD,0.25484954
NISSAN,Altima AWD SR/Platinum,0.260330175
PORSCHE,911 Carrera T,0.339799387
PORSCHE,911 GT2 RS,0.431600028
PORSCHE,911 GT3 RS,0.459003204
PORSCHE,911 GT3 Touring,0.457633045
PORSCHE,911 Speedster,0.479555586
PORSCHE,911 Turbo S Exclusive Cabriolet,0.406937169
PORSCHE,Panamera GTS ST,0.42885971
RAM,1500 eTorque,0.346650181
RAM,1500 HFE eTorque,0.337059069
RAM,1500 4X4 eTorque,0.356241293
RAM,1500 Classic EcoDiesel,0.380904151
RAM,1500 Classic FFV,0.383644469
RAM,1500 Classic,0.474074951
RAM,1500 Classic 4X4 EcoDiesel,0.395975898
RAM,1500 Classic 4X4 FFV,0.402826692
RAM,1500 Classic 4X4,0.523400668
ROLLS-ROYCE,Cullinan,0.523400668
SUBARU,Ascent AWD,0.334318752
TOYOTA,Corolla LE Eco,0.223335887
TOYOTA,Corolla Hatchback,0.215114934
TOYOTA,Prius AWD,0.149347311
VOLKSWAGEN,Arteon 4MOTION,0.334318752
VOLVO,XC40 T5 AWD,0.289103511
ACURA,TLX SH-AWD A-SPEC/Limited Edition,0.328838116
AUDI,A6 allroad,0.338429228
AUDI,R8 Coupe,0.47544511
BMW,330i xDrive Sedan,0.267180969
BMW,430i Coupe,0.279512399
BMW,530i xDrive Sedan,0.282252716
BMW,540i xDrive Sedan,0.304175258
BMW,M340i xDrive Sedan,0.319247005
BMW,M550i xDrive Sedan,0.374053357
BMW,M760i xDrive Sedan,0.485036222
BMW,M8 Cabriolet,0.441191139
BMW,M8 Cabriolet Competition,0.441191139
BMW,M8 Coupe,0.441191139
BMW,M8 Coupe Competition,0.441191139
BMW,M8 Gran Coupe,0.441191139
BMW,M8 Gran Coupe Competition,0.441191139
BMW,M850i xDrive Gran Coupe,0.397346057
BMW,X2 M35i,0.287733352
BMW,X3 M,0.464483839
BMW,X3 M Competition,0.464483839
BMW,X4 M,0.464483839
BMW,X4 M Competition,0.464483839
BMW,X5 M50i,0.413787963
BMW,X6 xDrive40i,0.33568891
BMW,X6 M50i,0.413787963
BMW,X7 M50i,0.435710504
BMW,Z4 sDrive30i,0.274031764
BMW,Z4 M40i,0.295954305
BUICK,Encore GX,0.271291446
BUICK,Encore GX AWD,0.272661605
CADILLAC,CT4,0.27814224
CADILLAC,CT4 AWD,0.291843828
CADILLAC,CT4-V,0.320617163
CADILLAC,CT4-V AWD,0.326097799
CADILLAC,CT5,0.286363193
CADILLAC,CT5 AWD,0.302805099
CADILLAC,CT5-V,0.360351769
CADILLAC,CT5-V AWD,0.378163834
CADILLAC,XT6 AWD,0.379533993
CHEVROLET,Silverado WT,0.376793675
CHEVROLET,Silverado WT 4WD,0.383644469
CHEVROLET,Silverado 4WD Custom Trail Boss,0.478185427
CHEVROLET,Silverado 4WD LT Trail Boss,0.420638757
CHRYSLER,Voyager (Stop-Start),0.341169546
DODGE,Challenger AWD,0.353500975
DODGE,Challenger Widebody (MDS),0.417898439
DODGE,Challenger SRT Hellcat Widebody,0.490516857
DODGE,Charger Widebody (MDS),0.417898439
DODGE,Charger SRT Hellcat Widebody,0.504218445
DODGE,Grand Caravan,0.378163834
FORD,Escape Hybrid,0.186341599
FORD,Escape Hybrid AWD,0.190452076
FORD,Explorer Hybrid AWD,0.308285734
FORD,Mustang Convertible (Performance Pkg),0.334318752
FORD,Shelby GT500 Mustang,0.537102257
FORD,T-150 Wagon FFV 4WD,0.482295904
FORD,Transit Connect Van LWB,0.300064781
GMC,Sierra WT,0.376793675
GMC,Sierra WT 4WD,0.383644469
HONDA,Insight EX/Touring,0.157568264
HYUNDAI,Palisade,0.342539704
HYUNDAI,Palisade AWD,0.363092087
HYUNDAI,Venue,0.24388827
JAGUAR,E-PACE P300,0.323357481
JAGUAR,F-PACE 30t,0.317876846
JAGUAR,F-PACE S,0.379533993
JAGUAR,F-PACE SVR,0.415158122
JAGUAR,F-TYPE P300 Convertible,0.294584146
JAGUAR,F-TYPE SVR AWD Convertible,0.409677487
JAGUAR,F-TYPE P300 Coupe,0.294584146
JAGUAR,F-TYPE SVR AWD Coupe,0.409677487
JAGUAR,XE P250 AWD,0.274031764
JAGUAR,XE P300 AWD,0.30143494
JAGUAR,XF 30t AWD,0.297324463
JAGUAR,XF S AWD,0.332948593
JEEP,Gladiator 4X4,0.397346057
JEEP,Wrangler 4X4 eTorque,0.354871134
JEEP,Wrangler Unlimited 4X4 eTorque,0.352130816
JEEP,Wrangler Unlimited 4X4 EcoDiesel,0.349390499
KIA,Telluride AWD,0.361721928
LAND ROVER,Discovery Sport P250,0.364462246
LAND ROVER,Discovery Sport P290,0.35898161
LAND ROVER,Range Rover 5.0 Supercharged LWB,0.417898439
LAND ROVER,Range Rover SVAutobiography Dynamic,0.485036222
LAND ROVER,Range Rover Sport SVR,0.460373363
LAND ROVER,Range Rover Evoque P250,0.33568891
LAND ROVER,Range Rover Evoque P300,0.331578434
LAND ROVER,Range Rover Velar P250,0.326097799
LAND ROVER,Range Rover Velar P340,0.374053357
LAND ROVER,Range Rover Velar SVAutobiography Dynamic,0.435710504
LINCOLN,Aviator,0.383644469
LINCOLN,Corsair AWD,0.313766369
LINCOLN,Nautilus AWD,0.342539704
MASERATI,Ghibli S Q4,0.404196851
MASERATI,Quattroporte S Q4,0.412417804
MAZDA,CX-3 (SIL),0.25484954
MAZDA,CX-30,0.258960017
MAZDA,CX-30 4WD,0.276772081
MAZDA,CX-30 4WD (Cylinder Deactivation),0.274031764
NISSAN,Sentra SR,0.234297158
ROLLS-ROYCE,Cullinan Black Badge,0.528881304
TOYOTA,Camry TRD,0.30143494
TOYOTA,Camry AWD LE/SE,0.260330175
TOYOTA,Camry AWD XLE/XSE,0.269921287
TOYOTA,Corolla XLE,0.232926999
TOYOTA,Corolla XSE,0.224706046
TOYOTA,Corolla Hybrid,0.145236835
TOYOTA,GR Supra,0.284993034
TOYOTA,Highlander Hybrid AWD Limited/Platinum,0.213744776
TOYOTA,RAV4 AWD TRD Off-Road,0.274031764
TOYOTA,Tacoma 4WD D-Cab TRD Off-Road/Pro,0.411047645
VOLKSWAGEN,Atlas Cross Sport 4MOTION,0.374053357
VOLVO,XC40 T4 AWD,0.287733352
